,Event.Id,Investigation.Type,Accident.Number,Event.Date,Location,Country,Latitude,Longitude,Airport.Code,Airport.Name,Injury.Severity,Aircraft.damage,Aircraft.Category,Registration.Number,Make,Model,Amateur.Built,Number.of.Engines,Engine.Type,FAR.Description,Schedule,Purpose.of.flight,Air.carrier,Total.Fatal.Injuries,Total.Serious.Injuries,Total.Minor.Injuries,Total.Uninjured,Weather.Condition,Broad.phase.of.flight,Report.Status
22,20020917X01657,Accident,ATL82DA027,02/01/1982,"CHAMBLEE, GA",United States,30.757778,-120.849722,PDK,Unknown,Non-Fatal,Substantial,Helicopter,N5745Y,Bell,206L-1,No,1.0,Turbo Shaft,Part 135: Air Taxi & Commuter,NSCH,Unknown,"Rocky Mountain Helicopters, In",0.0,0.0,0.0,1.0,VMC,Approach,Probable Cause
33,20020917X02254,Accident,LAX82FA038,04/01/1982,"NEAR LAS VEGAS, NV",United States,30.757778,-120.849722,MRI,Unknown,Fatal(2),Destroyed,Airplane,N1956H,Piper,PA-34-200T,No,2.0,Reciprocating,Part 135: Air Taxi & Commuter,NSCH,Unknown,Lang Air Service,2.0,0.0,0.0,0.0,VMC,Cruise,Probable Cause
39,20020917X01906,Accident,DCA82AA009,05/01/1982,"ITHACA, NY",United States,30.757778,-120.849722,MRI,TOMPKINS COUNTY,Fatal(2),Destroyed,Airplane,N546BA,Piper,PA-31,No,2.0,Reciprocating,Part 135: Air Taxi & Commuter,SCHD,Unknown,Empire Airlines,2.0,0.0,0.0,0.0,VMC,Approach,Probable Cause
43,20020917X02156,Accident,LAX82DA037,05/01/1982,"SPRINGERVILLE, AZ",United States,30.757778,-120.849722,Q35,SPRINGERVILLE,Non-Fatal,Substantial,Airplane,N738XP,Cessna,TR182,No,1.0,Reciprocating,Part 135: Air Taxi & Commuter,NSCH,Unknown,Joel Frederick's Monarch Air,0.0,0.0,0.0,1.0,VMC,Taxi,Probable Cause
44,20020917X01651,Accident,ANC82FA012,05/01/1982,"BETHEL, AK",United States,30.757778,-120.849722,BET,BETHEL,Non-Fatal,Substantial,Airplane,N3343S,Cessna,A185F,No,1.0,Reciprocating,Part 135: Air Taxi & Commuter,NSCH,Unknown,Executive Charter Service,0.0,2.0,0.0,0.0,VMC,Takeoff,Probable Cause
51,20020917X01964,Accident,DEN82FA016,07/01/1982,"HELENA, MT",United States,30.757778,-120.849722,MRI,Unknown,Fatal(2),Destroyed,Airplane,N9763X,Cessna,210,No,1.0,Reciprocating,Part 135: Air Taxi & Commuter,NSCH,Unknown,Robert R. Hylton,2.0,0.0,0.0,0.0,VMC,Cruise,Probable Cause
74,20020917X01623,Accident,ANC82DA013,10/01/1982,"QUINHAGAK, AK",United States,30.757778,-120.849722,MRI,Unknown,Non-Fatal,Substantial,Airplane,N756YN,Cessna,U206,No,1.0,Reciprocating,Part 135: Air Taxi & Commuter,NSCH,Unknown,Tri-city Air Service,0.0,0.0,3.0,0.0,VMC,Cruise,Probable Cause
79,20020917X01897,Incident,CHI82IA026,12/01/1982,"CHICAGO, IL",United States,30.757778,-120.849722,ORD,CHICAGO O'HARE INTER'L,Incident,Substantial,Airplane,N31031,Lockheed,L-1011,No,3.0,Turbo Fan,Part 121: Air Carrier,SCHD,Unknown,Trans World Airlines,0.0,0.0,0.0,149.0,UNK,Cruise,Probable Cause
80,20020917X01765,Incident,ATL82IA034,12/01/1982,"CLARKSBURG, WV",United States,30.757778,-120.849722,CKB,BENEDUM,Incident,Minor,Airplane,N615KC,Embraer,EMB-110P1,No,2.0,Turbo Prop,Part 135: Air Taxi & Commuter,SCHD,Unknown,Aeromech Incorporated,0.0,0.0,0.0,2.0,VMC,Taxi,Probable Cause
87,20020917X02575,Accident,SEA82DA017,13/01/1982,"SPOKANE, WA",United States,30.757778,-120.849722,MRI,GEIGER FIELD,Non-Fatal,Substantial,Airplane,N36PB,Piper,PA-31-350,No,2.0,Reciprocating,Part 135: Air Taxi & Commuter,NSCH,Unknown,Richard Engstrom,0.0,0.0,0.0,2.0,IMC,Approach,Probable Cause
93,20020917X02538,Accident,NYC82FA021,15/01/1982,"JAMAICA, NY",United States,30.757778,-120.849722,JFK,JOHN F. KENNEDY INT'L,Non-Fatal,Substantial,Airplane,N341PL,Swearingen,SA 226-TC,No,2.0,Turbo Prop,Part 135: Air Taxi & Commuter,SCHD,Unknown,Pocono Airlines,0.0,1.0,2.0,12.0,VMC,Takeoff,Probable Cause
95,20020917X01625,Accident,ANC82DA015,15/01/1982,"NEAR NUIQSUT, AK",United States,30.757778,-120.849722,MRI,Unknown,Non-Fatal,Substantial,Airplane,N1459T,De Havilland,DHC-2-MK3,No,1.0,Turbo Prop,Part 135: Air Taxi & Commuter,NSCH,Unknown,"Sea Airmotive, Inc.",0.0,0.0,0.0,4.0,VMC,Landing,Probable Cause
96,20020917X02096,Accident,FTW82FA041,16/01/1982,"HOUMA, LA",United States,30.757778,-120.849722,MRI,Unknown,Fatal(1),Destroyed,Helicopter,N1081H,Bell Helicopter,206L-1,No,1.0,Turbo Shaft,Part 135: Air Taxi & Commuter,NSCH,Unknown,Offshore Logistics,1.0,2.0,0.0,0.0,IMC,Cruise,Probable Cause
101,20020917X02159,Accident,LAX82DA042,17/01/1982,"HONOLULU, HI",United States,30.757778,-120.849722,MRI,HONOLULU INTL,Non-Fatal,Destroyed,Airplane,N21DR,Convair,440,No,2.0,Reciprocating,Part 135: Air Taxi & Commuter,SCHD,Unknown,Island Airlines Hawaii Inc.,0.0,0.0,2.0,1.0,VMC,Takeoff,Probable Cause
129,20020917X02397,Accident,MIA82FA034,19/01/1982,"MIAMI, FL",United States,30.757778,-120.849722,MIA,MIAMI INTL,Non-Fatal,Substantial,Airplane,HCBHS,Canadair,CL-44D4,No,4.0,Turbo Prop,Part 129: Foreign,NSCH,Unknown,"Acroservicios Eduatorianos, C",0.0,0.0,0.0,6.0,VMC,Landing,Probable Cause
130,20020917X01628,Accident,ANC82DA019,19/01/1982,"TUNTUTULIAK, AK",United States,30.757778,-120.849722,AK61,TUNTUTULIAK,Non-Fatal,Substantial,Airplane,N4246T,Piper,PA-32,No,1.0,Reciprocating,Part 135: Air Taxi & Commuter,NSCH,Unknown,Dennis L Gunder,0.0,0.0,0.0,2.0,VMC,Takeoff,Probable Cause
139,20020917X02467,Accident,MKC82FA019,21/01/1982,"NORTH KANSAS CI, MO",United States,30.757778,-120.849722,MRI,Unknown,Fatal(1),Destroyed,Airplane,N4553Q,Cessna,402A,No,2.0,Reciprocating,Part 135: Air Taxi & Commuter,NSCH,Unknown,"Springdale Air Service, Inc.",1.0,0.0,0.0,0.0,IMC,Approach,Probable Cause
145,20020917X01626,Accident,ANC82DA016,21/01/1982,"PORT GRAHAM, AK",United States,30.757778,-120.849722,KEB,ENGLISH BAY,Non-Fatal,Destroyed,Airplane,N1729U,Cessna,207,No,1.0,Reciprocating,Part 135: Air Taxi & Commuter,NSCH,Unknown,Cook Inlet Aviation,0.0,0.0,1.0,0.0,VMC,Landing,Probable Cause
149,20020917X01767,Incident,ATL82IA041,22/01/1982,"LOUISVILLE, KY",United States,30.757778,-120.849722,SDF,STANDIFORD FIELD,Incident,Substantial,Airplane,N18FE,Dassault/sud,FALCON 20,No,2.0,Turbo Fan,Part 121: Air Carrier,SCHD,Unknown,Federal Express Corporation,0.0,0.0,0.0,2.0,VMC,Descent,Probable Cause
155,20020917X01909,Accident,DCA82AA013,23/01/1982,"BOSTON, MA",United States,30.757778,-120.849722,MRI,BOSTON-LOGAN INTER'L,Fatal(2),Destroyed,Airplane,N113WA,Mcdonnell Douglas,DC-10-30,No,3.0,Turbo Fan,Part 121: Air Carrier,SCHD,Unknown,"World Airways, Inc.",2.0,4.0,24.0,182.0,IMC,Landing,Probable Cause
177,20020917X01918,Accident,DEN82DA024,26/01/1982,"10MI. NW WALSEN, CO",United States,30.757778,-120.849722,MRI,Unknown,Non-Fatal,Substantial,Helicopter,N58214,Hughes,369D,No,1.0,Turbo Shaft,Part 135: Air Taxi & Commuter,NSCH,Unknown,Russell Lyon,0.0,0.0,2.0,2.0,VMC,Cruise,Probable Cause
184,20020917X02325,Accident,LAX82FVM09,28/01/1982,"LOS GATOS, CA",United States,30.757778,-120.849722,MRI,Unknown,Fatal(1),Destroyed,Airplane,N32678,Piper,28-151,No,1.0,Reciprocating,Part 135: Air Taxi & Commuter,SCHD,Unknown,James Williams,1.0,0.0,0.0,0.0,IMC,Cruise,Probable Cause
204,20020917X02580,Accident,SEA82DA023,30/01/1982,"SINCLAIR ISLAND, WA",United States,30.757778,-120.849722,10,SINCLAIR ISLAND,Non-Fatal,Substantial,Airplane,N53294,Cessna,172P,No,1.0,Reciprocating,Part 135: Air Taxi & Commuter,NSCH,Unknown,"West Isle Air, Inc.",0.0,0.0,0.0,3.0,IMC,Landing,Probable Cause
214,20020917X02480,Accident,NYC82AA028,01/02/1982,"GROTON, CT",United States,30.757778,-120.849722,GON,GROTON-NEW LONDON,Non-Fatal,Destroyed,Airplane,N451C,Beech,99,No,2.0,Turbo Prop,Part 135: Air Taxi & Commuter,SCHD,Unknown,Pilgrim Airlines,0.0,5.0,2.0,0.0,IMC,Approach,Probable Cause
222,20020917X01922,Accident,DEN82DA028,01/02/1982,"ROCK SPRINGS, WY",United States,30.757778,-120.849722,MRI,Unknown,Non-Fatal,Substantial,Airplane,N8178F,Piper,PA-32,No,1.0,Reciprocating,Part 135: Air Taxi & Commuter,NSCH,Unknown,Alpine Aviation,0.0,1.0,0.0,0.0,IMC,Cruise,Probable Cause
223,20020917X02539,Accident,NYC82FA029,02/02/1982,"NEWBURGH, NY",United States,30.757778,-120.849722,SWF,STEWART,Fatal(1),Destroyed,Airplane,N62481,Piper,PA-23-250,No,2.0,Reciprocating,Part 135: Air Taxi & Commuter,NSCH,Unknown,"Air Ventures, Inc.",1.0,0.0,0.0,0.0,IMC,Approach,Probable Cause
230,20020917X01910,Accident,DCA82AA014,03/02/1982,"PHILADELPHIA, PA",United States,30.757778,-120.849722,PHL,PHILADELPHIA INTL,Non-Fatal,Minor,Airplane,N1814U,Mcdonnell-douglas,DC-10-10,No,3.0,Turbo Fan,Part 121: Air Carrier,SCHD,Unknown,United Airlines Inc.,0.0,1.0,0.0,154.0,IMC,Takeoff,Probable Cause
239,20020917X01724,Accident,ATL82FA047,05/02/1982,"LAMBSBURG, VA",United States,30.757778,-120.849722,MRI,Unknown,Fatal(4),Destroyed,Airplane,N75225,Piper,PA-32R-300,No,1.0,Reciprocating,Part 135: Air Taxi & Commuter,NSCH,Unknown,Air Security Transport Corpora,4.0,0.0,0.0,0.0,IMC,Cruise,Probable Cause
283,20020917X01627,Accident,ANC82DA018,09/02/1982,"FORT YUKON, AK",United States,30.757778,-120.849722,MRI,Unknown,Non-Fatal,Substantial,Airplane,N8456Q,Cessna,185,No,1.0,Reciprocating,Part 135: Air Taxi & Commuter,NSCH,Unknown,Wright Air Service,0.0,0.0,0.0,2.0,VMC,Taxi,Probable Cause
294,20020917X02571,Incident,NYC82IA036,12/02/1982,"JAMAICA, NY",United States,30.757778,-120.849722,MRI,Unknown,Incident,Substantial,Airplane,N80701,De Havilland,DHC-6-100,No,2.0,Turbo Prop,Part 135: Air Taxi & Commuter,SCHD,Unknown,"Newair Flight, Inc.",0.0,0.0,0.0,7.0,VMC,Cruise,Probable Cause
320,20020917X02336,Incident,LAX82IA075,15/02/1982,"ONTARIO, CA",United States,30.757778,-120.849722,ONT,ONTARIO INTERNATIONAL,Incident,Minor,Airplane,N73717,Boeing,B737-2H4,No,2.0,Turbo Jet,Part 121: Air Carrier,SCHD,Unknown,Aircal,0.0,0.0,0.0,119.0,IMC,Approach,Probable Cause
332,20020917X01800,Accident,CHI82DA050,15/02/1982,"EAST SAINT LOUI, IL",United States,30.757778,-120.849722,CPS,BI-STATE PARKS,Non-Fatal,Substantial,Airplane,N7511L,Piper,PA-31-310,No,2.0,Reciprocating,Part 135: Air Taxi & Commuter,NSCH,Unknown,Ira D. Farrington,0.0,0.0,0.0,2.0,VMC,Landing,Probable Cause
336,20020917X01911,Accident,DCA82AA015,16/02/1982,"KING SALMON, AK",United States,30.757778,-120.849722,MRI,Unknown,Non-Fatal,Substantial,Airplane,N169RV,Nihon,YS-11A,No,2.0,Turbo Prop,Part 121: Air Carrier,SCHD,Unknown,Reeve Aleutian,0.0,0.0,3.0,36.0,VMC,Approach,Probable Cause
345,20020917X01968,Accident,DEN82FA034,17/02/1982,"MITCHELL, SD",United States,30.757778,-120.849722,MHE,MITCHELL MUNICIPAL,Non-Fatal,Substantial,Airplane,N5799Y,Piper,PA-23,No,2.0,Reciprocating,Part 135: Air Taxi & Commuter,NSCH,Unknown,Four Lakes Aviation Corp,0.0,0.0,0.0,6.0,IMC,Approach,Probable Cause
346,20020917X02630,Incident,SEA82IA029,18/02/1982,"BOISE, ID",United States,30.757778,-120.849722,BOI,BOISE AIR TERMINAL,Incident,Minor,Airplane,N101RA,Embraer,EMB-11OP1,No,2.0,Turbo Prop,Part 135: Air Taxi & Commuter,SCHD,Unknown,"Cascade Airways, Inc.",0.0,0.0,0.0,16.0,VMC,Takeoff,Probable Cause
361,20020917X01885,Accident,CHI82FA059,19/02/1982,"OSHKOSH, WI",United States,30.757778,-120.849722,OSH,WITTMAN,Non-Fatal,Substantial,Airplane,N6761H,Cessna,404,No,2.0,Reciprocating,Part 135: Air Taxi & Commuter,NSCH,Unknown,Priester Aviation Service,0.0,0.0,0.0,7.0,IMC,Landing,Probable Cause
377,20020917X01912,Accident,DCA82AA016,21/02/1982,"PROVIDENCE, RI",United States,30.757778,-120.849722,MRI,Unknown,Fatal(1),Destroyed,Airplane,N127PM,De Havilland,DHC-6,No,2.0,Turbo Prop,Part 135: Air Taxi & Commuter,SCHD,Unknown,Pilgrim Airlines,1.0,10.0,1.0,0.0,VMC,Cruise,Probable Cause
396,20020917X01817,Accident,CHI82DA068,22/02/1982,"CLEVELAND, OH",United States,30.757778,-120.849722,MRI,CLEVELAND-HOPKINS INTL.,Non-Fatal,Substantial,Airplane,N8035J,Piper,PA-60,No,2.0,Reciprocating,Part 135: Air Taxi & Commuter,NSCH,Unknown,Air Continental Incorporated,0.0,0.0,0.0,1.0,VMC,Takeoff,Probable Cause
407,20020917X01898,Incident,CHI82IA072,24/02/1982,"CHICAGO, IL",United States,30.757778,-120.849722,ORD,O'HARE,Incident,Substantial,Airplane,N192MA,Swearingen,SA-227,No,2.0,Turbo Prop,Part 135: Air Taxi & Commuter,SCHD,Unknown,Midstate Airlines,0.0,0.0,0.0,12.0,VMC,Landing,Probable Cause
417,20020917X02112,Accident,FTW82FPA11,25/02/1982,"DALLAS, TX",United States,30.757778,-120.849722,DFW,DALLAS AIRPORT,Non-Fatal,Substantial,Airplane,N8517Z,Beech,D18S,No,2.0,Reciprocating,Part 135: Air Taxi & Commuter,NSCH,Unknown,Jim Billingsley,0.0,0.0,0.0,1.0,IMC,Approach,Probable Cause
419,20020917X01770,Incident,ATL82IA060,26/02/1982,"ATLANTA, GA",United States,30.757778,-120.849722,PDK,DEKALB PEACHTREE,Incident,Minor,Airplane,N10AY,Beech,B90,No,2.0,Turbo Prop,Part 135: Air Taxi & Commuter,NSCH,Unknown,Hanger One,0.0,0.0,0.0,3.0,IMC,Landing,Probable Cause
463,20020917X02025,Accident,FTW82DA075,02/03/1982,HIGH ISLAND BLK,HIGH ISLAND,30.757778,-120.849722,MRI,Unknown,Fatal(2),Destroyed,Helicopter,N63AL,Bell,206B,No,1.0,Turbo Shaft,Part 135: Air Taxi & Commuter,NSCH,Unknown,Air Logistics Inc.,2.0,0.0,0.0,0.0,VMC,Approach,Probable Cause
469,20020917X02037,Accident,FTW82DA087,03/03/1982,"CROWNPOINT, NM",United States,30.757778,-120.849722,MRI,CROWNPOINT MUNICIPAL,Non-Fatal,Substantial,Airplane,N55550,Piper,PA-32-300,No,1.0,Reciprocating,Part 135: Air Taxi & Commuter,NSCH,Unknown,Window Rock Airways,0.0,0.0,0.0,3.0,VMC,Landing,Probable Cause
477,20020917X01825,Accident,CHI82DA077,04/03/1982,"ELYRIA, OH",United States,30.757778,-120.849722,22G,LORAIN COUNTY,Non-Fatal,Substantial,Airplane,N9530Q,Smith Aerostar,600,No,2.0,Reciprocating,Part 135: Air Taxi & Commuter,NSCH,Unknown,Air Continental Inc.,0.0,0.0,0.0,1.0,VMC,Takeoff,Probable Cause
506,20020917X02477,Incident,MKC82IA042,08/03/1982,"LAS VEGAS, NV",United States,30.757778,-120.849722,LAS,MCCARRAN INTERNATL,Incident,Substantial,Airplane,N6728,Boeing,707-131B,No,4.0,Turbo Fan,Part 121: Air Carrier,UNK,Unknown,Trans World Airlines Inc,1.0,0.0,0.0,0.0,VMC,Standing,Probable Cause
508,20020917X02308,Accident,LAX82FUQ10,08/03/1982,"CAPTINTERIA, CA",United States,30.757778,-120.849722,MRI,Unknown,Non-Fatal,Destroyed,Airplane,N7497J,Piper,PA-28R-180,No,1.0,Reciprocating,Part 135: Air Taxi & Commuter,NSCH,Unknown,Cal Air Charter,0.0,1.0,0.0,0.0,VMC,Climb,Probable Cause
514,20020917X01829,Accident,CHI82DA081,08/03/1982,"GRAND MARAIS, MN",United States,30.757778,-120.849722,GRM,GRAND MARAIS,Non-Fatal,Substantial,Airplane,N6625Y,Piper,PA-23 250,No,2.0,Reciprocating,Part 135: Air Taxi & Commuter,NSCH,Unknown,Northern Airmotive Inc,0.0,0.0,0.0,3.0,VMC,Approach,Probable Cause
515,20020917X01899,Incident,CHI82IA082,09/03/1982,"SOUTH BEND, IN",United States,30.757778,-120.849722,SBN,MICHIANA REGIONAL,Incident,Minor,Airplane,N323BA,Swearingen,SA-266TC,No,2.0,Turbo Prop,Part 135: Air Taxi & Commuter,SCHD,Unknown,"Britt Airways, Inc",0.0,0.0,0.0,9.0,UNK,Maneuvering,Probable Cause
522,20020917X02338,Incident,LAX82IA103,10/03/1982,"LONG BEACH, CA",United States,30.757778,-120.849722,LGB,LONG BEACH/DAUGHETY FIELD,Incident,Substantial,Airplane,N778JA,Douglas,DC-9-82,No,2.0,Turbo Fan,Part 121: Air Carrier,SCHD,Unknown,Jet America Airlines,0.0,0.0,0.0,68.0,VMC,Standing,Probable Cause
532,20020917X02572,Incident,NYC82IA051,11/03/1982,"FLUSHING, NY",United States,30.757778,-120.849722,LGA,LAGUARDIA (R/W 22),Incident,Minor,Airplane,N26210,Nord Aviation,262A-12,No,2.0,Turbo Prop,Part 135: Air Taxi & Commuter,SCHD,Unknown,"Ransome Airlines, Inc",0.0,0.0,0.0,30.0,IMC,Climb,Probable Cause
539,20020917X01716,Accident,ATL82DKW06A,11/03/1982,"NASHVILLE, TN",United States,30.757778,-120.849722,BNA,NASHVILLE METRO,Non-Fatal,Substantial,Airplane,N5253J,Cessna,310,No,2.0,Reciprocating,Part 135: Air Taxi & Commuter,NSCH,Unknown,Courier Service Inc.,0.0,0.0,0.0,2.0,IMC,Taxi,Probable Cause
552,20020917X02548,Accident,NYC82FFJ12,12/03/1982,"SYRACUSE, NY",United States,30.757778,-120.849722,SYR,SYRACUSE,Non-Fatal,Substantial,Airplane,N260BB,Piper,PA-32,No,1.0,Reciprocating,Part 135: Air Taxi & Commuter,NSCH,Unknown,Professional Pilots Inc.,0.0,0.0,5.0,0.0,IMC,Approach,Probable Cause
587,20020917X01647,Accident,ANC82DAG17,15/03/1982,"PAXSON, AK",United States,30.757778,-120.849722,MRI,FROZEN PAXSON LAKE,Non-Fatal,Substantial,Airplane,N6978H,Cessna,185,No,1.0,Reciprocating,Part 135: Air Taxi & Commuter,NSCH,Unknown,W.t. Ellis,0.0,0.0,0.0,3.0,VMC,Taxi,Probable Cause
594,20020917X01937,Accident,DEN82DA046,16/03/1982,"MARBLE, CO",United States,30.757778,-120.849722,MRI,Unknown,Non-Fatal,Substantial,Helicopter,N2169X,Bell,206B,No,1.0,Turbo Shaft,Part 135: Air Taxi & Commuter,NSCH,Unknown,"Luebell Helicopters, Inc",0.0,0.0,0.0,4.0,VMC,Approach,Probable Cause
607,20020917X02276,Accident,LAX82FA111,18/03/1982,"SUNFLOWER, AZ",United States,30.757778,-120.849722,MRI,Unknown,Fatal(5),Destroyed,Airplane,N499W,Cessna,401,No,2.0,Reciprocating,Part 135: Air Taxi & Commuter,NSCH,Unknown,Air Security Transport Corp.,5.0,2.0,0.0,0.0,IMC,Climb,Probable Cause
648,20020917X02278,Accident,LAX82FA117,22/03/1982,"NEAR BRIDEPORT, CA",United States,30.757778,-120.849722,MRI,Unknown,Non-Fatal,Destroyed,Helicopter,N9829C,Aerospatiale,SA316B,No,1.0,Turbo Shaft,Part 135: Air Taxi & Commuter,NSCH,Unknown,Mammoth Heli-ski Tioyabe Corp.,0.0,4.0,3.0,0.0,VMC,Climb,Probable Cause
676,20020917X01989,Incident,DEN82IA049,25/03/1982,"DENVER, CO",United States,30.757778,-120.849722,DEN,STAPLETON INT'L. AIRPORT,Incident,Substantial,Airplane,N857H,Gulfstream,G159-C,No,2.0,Turbo Prop,Part 121: Air Carrier,SCHD,Unknown,U.s. Aviation,0.0,0.0,0.0,20.0,VMC,Approach,Probable Cause
677,20020917X01900,Incident,CHI82IA102,25/03/1982,"KALAMAZO, MI",United States,30.757778,-120.849722,AZO,KALAMAZOO,Incident,Minor,Airplane,N20HR,Beech,65-88,No,2.0,Reciprocating,Part 135: Air Taxi & Commuter,SCHD,Unknown,Basler Airlines,0.0,0.0,0.0,2.0,VMC,Approach,Probable Cause
693,20020917X02206,Accident,LAX82DA122,26/03/1982,"YUBA CITY, CA",United States,30.757778,-120.849722,52,SUTTER COUNTY,Non-Fatal,Substantial,Airplane,N69646,Cessna,310Q,No,2.0,Reciprocating,Part 135: Air Taxi & Commuter,NSCH,Unknown,Comet Airways Incorporated,0.0,0.0,0.0,3.0,VMC,Landing,Probable Cause
719,20020917X01901,Incident,CHI82IA108,30/03/1982,"CHICAGO, IL",United States,30.757778,-120.849722,ORD,O'HARE INTERNATIONAL,Incident,Minor,Airplane,N62Z,Swearingen,SA226TC,No,2.0,Turbo Prop,Part 135: Air Taxi & Commuter,SCHD,Unknown,"Britt Airways, Inc.",0.0,0.0,0.0,18.0,VMC,Takeoff,Probable Cause
760,20020917X01903,Incident,CHI82IA113,05/04/1982,"WAUKEGAN, IL",United States,30.757778,-120.849722,UGN,WAUKEGAN HEMORIAL,Incident,Minor,Airplane,N69341,Cessna,402B,No,2.0,Reciprocating,Part 135: Air Taxi & Commuter,NSCH,Unknown,"Superior Air Service, Inc.",0.0,0.0,0.0,3.0,IMC,Approach,Probable Cause
796,20020917X01904,Incident,CHI82IA117,09/04/1982,"YOUNGSTOWN, OH",United States,30.757778,-120.849722,YNG,YOUNGSTOWN MUNICIPAL,Incident,Minor,Airplane,N7627U,Boeing,727-200,No,3.0,Turbo Fan,Part 121: Air Carrier,SCHD,Unknown,United Airlines,0.0,0.0,0.0,108.0,IMC,Landing,Probable Cause
802,20020917X01642,Accident,ANC82DA033,09/04/1982,"NEAR NIGHTMUTE, AK",United States,30.757778,-120.849722,MRI,Unknown,Non-Fatal,Substantial,Airplane,N9938M,Cessna,206,No,1.0,Reciprocating,Part 135: Air Taxi & Commuter,NSCH,Unknown,Western Yukon Air,0.0,0.0,1.0,0.0,IMC,Cruise,Probable Cause
813,20020917X01654,Accident,ANC82FA036,11/04/1982,"NEAR TANANA, AK",United States,30.757778,-120.849722,MRI,Unknown,Fatal(3),Destroyed,Helicopter,N11058,Hughes,369D,No,1.0,Turbo Shaft,Part 135: Air Taxi & Commuter,NSCH,Unknown,"Tundra Copters, Inc.",3.0,0.0,0.0,0.0,VMC,Cruise,Probable Cause
821,20020917X01643,Accident,ANC82DA034,11/04/1982,"MONTAGUE ISLAND, AK",United States,30.757778,-120.849722,MRI,Unknown,Non-Fatal,Substantial,Airplane,N28582,Piper,PA-32,No,1.0,Reciprocating,Part 135: Air Taxi & Commuter,NSCH,Unknown,Harbor Air Service,0.0,0.0,0.0,3.0,VMC,Takeoff,Probable Cause
890,20020917X01774,Incident,ATL82IA109,18/04/1982,"ASHEVILLE, NC",United States,30.757778,-120.849722,MRI,ASHEVILLE AIRPORT,Incident,Minor,Airplane,N95WA,Beech,BE-99,No,2.0,Turbo Prop,Part 135: Air Taxi & Commuter,SCHD,Unknown,Wheeler Airlines,0.0,0.0,0.0,11.0,VMC,Takeoff,Probable Cause
901,20020917X02079,Accident,FTW82DA139,18/04/1982,"AUSTIN, TX",United States,30.757778,-120.849722,AUS,AUSTIN MUNI,Non-Fatal,Substantial,Airplane,N32717,Boeing,727-200,No,3.0,Turbo Fan,Part 121: Air Carrier,SCHD,Unknown,"Continental Airlines, Inc.",0.0,0.0,0.0,68.0,VMC,Landing,Probable Cause
905,20020917X02608,Accident,SEA82DA055,19/04/1982,"DARRINGTON, WA",United States,30.757778,-120.849722,MRI,Unknown,Non-Fatal,Substantial,Helicopter,N9131F,Hughes,500C,No,1.0,Turbo Prop,Part 135: Air Taxi & Commuter,NSCH,Unknown,Anthony B. Reece,0.0,0.0,0.0,4.0,VMC,Landing,Probable Cause
908,20020917X02421,Incident,MIA82IA102,20/04/1982,"MIAMI, FL",United States,30.757778,-120.849722,MIA,MIAMI INTERNATIONAL,Incident,Minor,Airplane,N333EA,Lockheed,L-1011,No,3.0,Turbo Fan,Part 121: Air Carrier,SCHD,Unknown,"Eastern Airlines, Inc.",0.0,0.0,0.0,152.0,VMC,Landing,Probable Cause
926,20020917X02107,Accident,FTW82FA145,22/04/1982,"INTRACOASTAL CI, LA",United States,30.757778,-120.849722,MRI,Unknown,Fatal(2),Destroyed,Helicopter,N5752W,Bell,212,No,2.0,Turbo Shaft,Part 135: Air Taxi & Commuter,NSCH,Unknown,"Rotor-aids, Inc.",2.0,1.0,0.0,9.0,IMC,Cruise,Probable Cause
950,20020917X02228,Accident,LAX82DA147,24/04/1982,"GOLD STRIKE, NV",United States,30.757778,-120.849722,MRI,Unknown,Fatal(1),Minor,Helicopter,N5768Z,S.n.i.a.s.,AS350,No,1.0,Turbo Shaft,Part 135: Air Taxi & Commuter,NSCH,Unknown,"Bauer Helicopter, Inc",1.0,0.0,0.0,5.0,VMC,Standing,Probable Cause
999,20020917X01976,Accident,DEN82FA074,28/04/1982,"HAKALAU, HI",United States,30.757778,-120.849722,MRI,Unknown,Fatal(2),Destroyed,Airplane,N6911,Beech,E18S,No,2.0,Reciprocating,Part 135: Air Taxi & Commuter,NSCH,Unknown,"Island Airlines Hawaii, Ltd.",2.0,0.0,0.0,0.0,VMC,Climb,Probable Cause
1020,20020917X01644,Accident,ANC82DA038,29/04/1982,"NEW STUYAHOK, AK",United States,30.757778,-120.849722,KNW,NEW STUYAHOK,Non-Fatal,Substantial,Airplane,N6274H,Cessna,207,No,1.0,Reciprocating,Part 135: Air Taxi & Commuter,NSCH,Unknown,Richard K. Armstrong,0.0,0.0,2.0,4.0,IMC,Takeoff,Probable Cause
1022,20020917X01775,Incident,ATL82IA121,30/04/1982,"ENTERPRISE, AL",United States,30.757778,-120.849722,93J,ENTERPRISE MUNICIPAL,Incident,Minor,Airplane,N53RT,Piper,PA-31-350,No,2.0,Reciprocating,Part 135: Air Taxi & Commuter,NSCH,Unknown,Huntsville Aviation,0.0,0.0,0.0,7.0,VMC,Takeoff,Probable Cause
1099,20020917X03112,Accident,DEN82DA079,06/05/1982,"BISMARCK, ND",United States,30.757778,-120.849722,BIS,BISMARCK MUNICIPAL,Non-Fatal,Substantial,Airplane,N4504Q,Cessna,402A,No,2.0,Reciprocating,Part 135: Air Taxi & Commuter,NSCH,Unknown,Capital Aviation Corporation,0.0,0.0,0.0,8.0,VMC,Landing,Probable Cause
1128,20020917X03114,Accident,DEN82DA081,08/05/1982,"MEDICINE BOW, WY",United States,30.757778,-120.849722,80V,MEDICINE BOW,Non-Fatal,Substantial,Airplane,N6994C,Piper,PA-28R-200,No,1.0,Reciprocating,Part 135: Air Taxi & Commuter,NSCH,Unknown,Gillis Aviation,0.0,0.0,0.0,3.0,VMC,Takeoff,Probable Cause
1171,20020917X04016,Accident,NYC82FA091A,12/05/1982,"SANFORD, ME",United States,30.757778,-120.849722,SFM,SANFORD MUNICIPAL,Non-Fatal,Substantial,Airplane,N53442,Cessna,172P,No,1.0,Reciprocating,Part 135: Air Taxi & Commuter,NSCH,Unknown,New England Aviation,0.0,2.0,1.0,1.0,VMC,Approach,Probable Cause
1172,20020917X03894,Incident,MKC82IA079,13/05/1982,"ST. LOUIS, MO",United States,30.757778,-120.849722,STL,LAMBERT-ST. LOUIS INTL,Incident,Minor,Airplane,N2233Q,Cessna,402B,No,2.0,Reciprocating,Part 135: Air Taxi & Commuter,SCHD,Unknown,Trans Mo Airlines,0.0,0.0,0.0,8.0,VMC,Taxi,Probable Cause
1184,20020917X03256,Accident,FTW82DA175,13/05/1982,"PINEVILLE, LA",United States,30.757778,-120.849722,9LA6,PINEVILLE MUNICIPAL,Non-Fatal,Substantial,Airplane,N36546,Piper,PA-32RT-300,No,1.0,Reciprocating,Part 135: Air Taxi & Commuter,NSCH,Unknown,Modern Flying Serv. Inc.,0.0,0.0,0.0,1.0,VMC,Taxi,Probable Cause
1211,20020917X03259,Accident,FTW82DA178,15/05/1982,"CAMERON, LA",United States,30.757778,-120.849722,IR5,CAMERON HELIPORT,Non-Fatal,Substantial,Helicopter,N2048X,Bell,206L-1,No,1.0,Turbo Shaft,Part 135: Air Taxi & Commuter,NSCH,Unknown,"Pumpkin Air, Inc.",0.0,0.0,0.0,2.0,VMC,Cruise,Probable Cause
1216,20020917X03101,Accident,DCA82AA022,16/05/1982,"HOOPER BAY, AK",United States,30.757778,-120.849722,HPB,HOOPER BAY,Non-Fatal,Destroyed,Airplane,N103AQ,De Havilland,DHC-6-200,No,2.0,Turbo Prop,Part 135: Air Taxi & Commuter,SCHD,Unknown,Gifford Aviation,0.0,8.0,0.0,0.0,VMC,Approach,Probable Cause
1250,20020917X03236,Incident,DEN82IA090,18/05/1982,"GILLETTE, WY",United States,30.757778,-120.849722,GCC,GILLETTE-CAMPBELL COUNTY,Incident,Minor,Airplane,N114GA,Gulfstream American,G-159C,No,2.0,Turbo Prop,Part 121: Air Carrier,SCHD,Unknown,"U.s. Aviation, Inc./air U.s.,",0.0,0.0,0.0,21.0,VMC,Landing,Probable Cause
1283,20020917X03096,Incident,CHI82IA179,21/05/1982,"DAYTON, OH",United States,30.757778,-120.849722,DAY,COX INTERNATIONAL,Incident,Substantial,Airplane,N1124J,Bac,1-11-204AF,No,2.0,Turbo Jet,Part 121: Air Carrier,SCHD,Unknown,U.s. Air,0.0,0.0,0.0,48.0,IMC,Landing,Probable Cause
1295,20020917X02737,Accident,ATL82DA142,22/05/1982,"MEMPHIS, TN",United States,30.757778,-120.849722,MEM,MEMPHIS INTERNATIONAL,Non-Fatal,Substantial,Airplane,N9356,Douglas,DC-9-15F,No,2.0,Turbo Jet,Part 121: Air Carrier,SCHD,Unknown,"Republic Airlines, Inc.",0.0,1.0,0.0,56.0,VMC,Descent,Probable Cause
1306,20020917X02891,Incident,ATL82IA139,23/05/1982,"CHARLOTTE, NC",United States,30.757778,-120.849722,MRI,CHARLOTTE DOUGLAS,Incident,Minor,Airplane,N88694,Cessna,404,No,2.0,Reciprocating,Part 135: Air Taxi & Commuter,SCHD,Unknown,Sunbird Airlines,0.0,0.0,0.0,2.0,VMC,Landing,Probable Cause
1333,20020917X02930,Accident,CHI82DA183,25/05/1982,"HOLLAND, MI",United States,30.757778,-120.849722,C19,TULIP CITY,Non-Fatal,Substantial,Airplane,N6187Q,Cessna,310R,No,2.0,Reciprocating,Part 135: Air Taxi & Commuter,NSCH,Unknown,"Business Aviation, Incorporati",0.0,0.0,0.0,6.0,VMC,Landing,Probable Cause
1343,20020917X03653,Accident,LAX82FA195,26/05/1982,"SAN FRANCISCO, CA",United States,30.757778,-120.849722,SFO,SAN FRANCISCO,Non-Fatal,Substantial,Airplane,N1833U,Douglas,DC10-10,No,3.0,Turbo Fan,Part 121: Air Carrier,SCHD,Unknown,United Airlines,0.0,0.0,25.0,113.0,VMC,Taxi,Probable Cause
1347,20020917X03237,Incident,DEN82IA098,27/05/1982,"NEAR GOSHEN, IN",United States,30.757778,-120.849722,MRI,Unknown,Incident,Substantial,Airplane,N8088U,Douglas,DC-8-61,No,4.0,Turbo Jet,Part 121: Air Carrier,SCHD,Unknown,United Airlines Inc.,0.0,0.0,17.0,129.0,VMC,Cruise,Probable Cause
1359,20020917X02638,Accident,ANC82DA042,27/05/1982,"OUZINKIE, AK",United States,30.757778,-120.849722,KOZ,OUZINKIE SEAPLANE BASE,Non-Fatal,Substantial,Airplane,N4877X,Cessna,U206,No,1.0,Reciprocating,Part 135: Air Taxi & Commuter,NSCH,Unknown,Robert F. Stanford,0.0,0.0,0.0,1.0,VMC,Approach,Probable Cause
1360,20020917X03629,Accident,LAX82DUG12,28/05/1982,"PALM SPRINGS, CA",United States,30.757778,-120.849722,PSP,PALM SPRINGS,Non-Fatal,Minor,Airplane,N1009R,Swearingen,SA226-TC,No,2.0,Turbo Prop,Part 135: Air Taxi & Commuter,SCHD,Unknown,Sunaire,0.0,1.0,0.0,5.0,VMC,Standing,Probable Cause
1390,20020917X04018,Accident,NYC82FA110,29/05/1982,ATLANTIC OCEAN,ATLANTIC OCEAN,30.757778,-120.849722,MRI,Unknown,Non-Fatal,Substantial,Airplane,N801EV,Douglas,DC8-52,No,4.0,Turbo Fan,Part 121: Air Carrier,SCHD,Unknown,Northeastern Int'l. Airways,0.0,1.0,1.0,109.0,VMC,Cruise,Probable Cause
1391,20020917X03282,Accident,FTW82DA201,29/05/1982,HIGH ISLAND 389,HIGH ISLAND,30.757778,-120.849722,389,HIGH ISLAND 389,Non-Fatal,Destroyed,Helicopter,N1070D,Bell,206L-1,No,1.0,Turbo Shaft,Part 135: Air Taxi & Commuter,NSCH,Unknown,Houston Helicopters,0.0,0.0,0.0,4.0,VMC,Landing,Probable Cause
1427,20020917X02893,Incident,ATL82IA159,02/06/1982,"ASHEBORO, NC",United States,30.757778,-120.849722,MRI,Unknown,Incident,Minor,Airplane,N59749,Piper,PA-31-325,No,2.0,Reciprocating,Part 135: Air Taxi & Commuter,NSCH,Unknown,Clarence Roberts/roberts Avia.,0.0,0.0,0.0,5.0,VMC,Cruise,Probable Cause
1451,20020917X03873,Accident,MKC82FA095,04/06/1982,"WICHITA, KS",United States,30.757778,-120.849722,3KM,COLONEL JAMES JABARA,Non-Fatal,Substantial,Airplane,N190BT,Beech,65-90,Yes,2.0,Turbo Prop,Part 135: Air Taxi & Commuter,NSCH,Unknown,"Midwest Piper Flight, Inc",0.0,0.0,0.0,3.0,VMC,Takeoff,Probable Cause
1493,20020917X03238,Incident,DEN82IA103,08/06/1982,"GILLETTE, WY",United States,30.757778,-120.849722,GCC,GILETTE-CAMPBELL COUNTY,Incident,Substantial,Airplane,N159AN,Grumman,G-159C,No,2.0,Turbo Prop,Part 121: Air Carrier,SCHD,Unknown,"U.s. Aviation, Inc.",0.0,0.0,0.0,29.0,VMC,Landing,Probable Cause
1516,20020917X02838,Accident,ATL82FA161,11/06/1982,"HAZARD, KY",United States,30.757778,-120.849722,137,HAZARD,Non-Fatal,Destroyed,Helicopter,N5781Z,Aerospatiale,AS350D,No,1.0,Turbo Shaft,Part 135: Air Taxi & Commuter,NSCH,Unknown,"Kentucky Helicopters, Inc.",0.0,1.0,2.0,1.0,VMC,Maneuvering,Probable Cause
1570,20020917X02751,Accident,ATL82DA165,15/06/1982,"MYRTLE BEACH, SC",United States,30.757778,-120.849722,MRI,Unknown,Non-Fatal,Destroyed,Airplane,N1691W,Beech,A36,No,1.0,Reciprocating,Part 135: Air Taxi & Commuter,NSCH,Unknown,Grand Strand Aviation Inc,0.0,0.0,1.0,0.0,VMC,Descent,Probable Cause
1581,20020917X02713,Incident,ANC82IA048,16/06/1982,"NEAR PORT HEIDE, AK",United States,30.757778,-120.849722,MRI,Unknown,Incident,Minor,Airplane,N525N,De Havilland,DHC-6-100,No,2.0,Turbo Prop,Part 135: Air Taxi & Commuter,NSCH,Unknown,"Sea Airmotive, Inc.",0.0,0.0,0.0,10.0,VMC,Cruise,Probable Cause
1598,20020917X02644,Accident,ANC82DA049,17/06/1982,"NEAR EKWOK, AK",United States,30.757778,-120.849722,KEK,EKWOK,Non-Fatal,Substantial,Airplane,N9561K,Piper,PA-32-300,No,1.0,Reciprocating,Part 135: Air Taxi & Commuter,NSCH,Unknown,Armstrong Air Service,0.0,0.0,0.0,4.0,VMC,Cruise,Probable Cause
1600,20020917X03661,Accident,LAX82FA224,18/06/1982,"FRESNO, CA",United States,30.757778,-120.849722,FAT,FRESNO AIR TERMINAL,Non-Fatal,Destroyed,Airplane,N74JT,Beech,H-18,Yes,2.0,Reciprocating,Part 135: Air Taxi & Commuter,NSCH,Unknown,West States Air Taxi,0.0,0.0,0.0,1.0,VMC,Takeoff,Probable Cause
1603,20020917X02645,Accident,ANC82DA050,18/06/1982,"NEAR CHINITNA B, AK",United States,30.757778,-120.849722,MRI,Unknown,Fatal(1),Destroyed,Airplane,N4212Q,Cessna,185F,No,1.0,Reciprocating,Part 135: Air Taxi & Commuter,NSCH,Unknown,Alaska North Flying Service,1.0,0.0,0.0,2.0,VMC,Standing,Probable Cause
1659,20020917X03207,Accident,DEN82FA106,21/06/1982,"DILLON, MT",United States,30.757778,-120.849722,MRI,Unknown,Non-Fatal,Destroyed,Helicopter,N47271,Aerospatiale,SA-315B,No,1.0,Turbo Shaft,Part 135: Air Taxi & Commuter,NSCH,Unknown,"Hoskings Helicopter, Inc.",0.0,3.0,1.0,0.0,VMC,Maneuvering,Probable Cause
1681,20020917X03666,Accident,LAX82FA232,23/06/1982,"DARDANELLE, CA",United States,30.757778,-120.849722,MRI,Unknown,Fatal(3),Destroyed,Helicopter,N6456,Aerospatiale,SA-316B,No,1.0,Turbo Shaft,Part 135: Air Taxi & Commuter,NSCH,Unknown,"Continental Helicopters, Inc.",3.0,0.0,0.0,0.0,VMC,Maneuvering,Probable Cause
1689,20020917X04056,Accident,NYC82FNA17,23/06/1982,"HYANNIS, MA",United States,30.757778,-120.849722,HYA,BARNSTABLE MUNICIPAL,Non-Fatal,Substantial,Helicopter,N3601U,S.n.i.a.s.,SA-330J,No,2.0,Turbo Shaft,Part 135: Air Taxi & Commuter,NSCH,Unknown,Petroleum Helicopters,0.0,0.0,0.0,13.0,VMC,Climb,Probable Cause
1756,20020917X04105,Accident,SEA82DA098,29/06/1982,"GLACIER BAY, AK",United States,30.757778,-120.849722,MRI,Unknown,Non-Fatal,Substantial,Airplane,N2947N,Piper,PA-32-300,No,1.0,Reciprocating,Part 135: Air Taxi & Commuter,NSCH,Unknown,Layton A. Bennet,0.0,0.0,0.0,5.0,VMC,Cruise,Probable Cause
1763,20020917X03330,Accident,FTW82DA253,30/06/1982,"LUBBOCK, TX",United States,30.757778,-120.849722,LBB,LUBBOCK INTERNATIONAL,Non-Fatal,Substantial,Airplane,N91CA,Beech,E18S,No,2.0,Reciprocating,Part 135: Air Taxi & Commuter,NSCH,Unknown,"Coker Airfreight, Inc.",0.0,0.0,1.0,0.0,VMC,Landing,Probable Cause
1764,20020917X03146,Accident,DEN82DA122,30/06/1982,"LAS ANIMAS, CO",United States,30.757778,-120.849722,7V9,LAS ANIMAS CITY & COUNTY,Non-Fatal,Substantial,Airplane,N2745B,Cessna,340,No,2.0,Turbo Prop,Part 135: Air Taxi & Commuter,NSCH,Unknown,Colorado Corporate Charters,0.0,0.0,0.0,4.0,VMC,Approach,Probable Cause
1796,20020917X02650,Accident,ANC82DA057,02/07/1982,"NOME, AK",United States,30.757778,-120.849722,OME,NOME,Non-Fatal,Substantial,Airplane,N39MN,Britten-norman,BN-2A,No,2.0,Reciprocating,Part 135: Air Taxi & Commuter,SCHD,Unknown,"Munz Northern Airlines, Inc.",0.0,0.0,0.0,1.0,VMC,Takeoff,Probable Cause
1814,20020917X03670,Accident,LAX82FA242,03/07/1982,"GRAND CANYON, AZ",United States,30.757778,-120.849722,MRI,Unknown,Non-Fatal,Substantial,Helicopter,N4778R,Bell,206B,No,1.0,Turbo Shaft,Part 135: Air Taxi & Commuter,NSCH,Unknown,"Grand Canyon Helicopters, Inc.",0.0,0.0,0.0,5.0,VMC,Cruise,Probable Cause
1833,20020917X04180,Incident,SEA82IA101,05/07/1982,"BOISE, ID",United States,30.757778,-120.849722,BOI,BOISE AIR TERMINAL,Incident,Minor,Airplane,N919RW,Douglas,DC-9-31,No,2.0,Turbo Fan,Part 121: Air Carrier,SCHD,Unknown,"Republic Airlines West, Inc.",0.0,0.0,0.0,84.0,VMC,Takeoff,Probable Cause
1856,20020917X03153,Accident,DEN82DA130,07/07/1982,"MEETEETSE, WY",United States,30.757778,-120.849722,MRI,Unknown,Non-Fatal,Destroyed,Helicopter,N67081,Aerospatiale,SA316B,No,1.0,Turbo Shaft,Part 135: Air Taxi & Commuter,NSCH,Unknown,Hawkins And Powers Helicopters,0.0,5.0,2.0,0.0,VMC,Approach,Probable Cause
1864,20020917X04109,Accident,SEA82DA104,08/07/1982,"51 NM ESE YAKUT, AK",United States,30.757778,-120.849722,MRI,Unknown,Non-Fatal,Destroyed,Airplane,N1119X,Piper,PA-32-300,No,1.0,Reciprocating,Part 135: Air Taxi & Commuter,NSCH,Unknown,L.a.b. Flying Service,0.0,0.0,2.0,0.0,VMC,Maneuvering,Probable Cause
1892,20020917X03351,Accident,FTW82DA275A,09/07/1982,"AUSTIN, TX",United States,30.757778,-120.849722,AUS,ROBERT MUELLER,Non-Fatal,Substantial,Airplane,N87280,Cessna,402B,No,2.0,Reciprocating,Part 135: Air Taxi & Commuter,SCHD,Unknown,"Kitty Hawk Airways, Inc.",0.0,2.0,0.0,1.0,VMC,Approach,Probable Cause
1893,20020917X02651,Accident,ANC82DA058,09/07/1982,"ELIM, AK",United States,30.757778,-120.849722,ELT,ELIM,Non-Fatal,Substantial,Airplane,N7745Q,Cessna,310,No,1.0,Reciprocating,Part 135: Air Taxi & Commuter,NSCH,Unknown,Seward Peninsula Flying Svc,0.0,0.0,0.0,3.0,VMC,Takeoff,Probable Cause
1905,20020917X02704,Accident,ANC82FA056,10/07/1982,"38 SE BARROW, AK",United States,30.757778,-120.849722,MRI,Unknown,Non-Fatal,Substantial,Helicopter,N59572,Bell,212,No,2.0,Turbo Shaft,Part 135: Air Taxi & Commuter,NSCH,Unknown,Kenai Air Alaska Inc.,0.0,0.0,3.0,3.0,VMC,Cruise,Probable Cause
1942,20020917X04156,Accident,SEA82FA111,14/07/1982,"OXBOW, OR",United States,30.757778,-120.849722,MRI,Unknown,Fatal(4),Destroyed,Airplane,N8230U,Cessna,172F,No,1.0,Reciprocating,Part 135: Air Taxi & Commuter,NSCH,Unknown,Hell's Canyon Navigation Compa,4.0,0.0,0.0,0.0,VMC,Go-around,Probable Cause
1954,20020917X03357,Accident,FTW82DA281,14/07/1982,"SABINE, TX",United States,30.757778,-120.849722,MRI,Unknown,Non-Fatal,Substantial,Helicopter,N116AL,Bell,206B,No,1.0,Turbo Shaft,Part 135: Air Taxi & Commuter,NSCH,Unknown,Air Logistics,0.0,0.0,0.0,3.0,VMC,Cruise,Probable Cause
1969,20020917X03515,Accident,LAX82AA259,16/07/1982,"MORTON, WY",United States,30.757778,-120.849722,MRI,Unknown,Non-Fatal,Minor,Airplane,N1815U,Mcdonnell Douglas,DC-10-10,No,3.0,Turbo Fan,Part 121: Air Carrier,SCHD,Unknown,United Airlines,0.0,7.0,19.0,142.0,VMC,Cruise,Probable Cause
2014,20020917X03681,Accident,LAX82FA267,19/07/1982,"NEAR INYOKERN, CA",United States,30.757778,-120.849722,MRI,Unknown,Non-Fatal,Destroyed,Airplane,N1378L,Cessna,T337H,No,2.0,Reciprocating,Part 135: Air Taxi & Commuter,NSCH,Unknown,Agritill Leasing Co.,0.0,2.0,0.0,0.0,VMC,Maneuvering,Probable Cause
2019,20020917X03361,Accident,FTW82DA285,19/07/1982,GULF OF MEXICO,GULF OF MEXICO,30.757778,-120.849722,MRI,Unknown,Non-Fatal,Substantial,Helicopter,N5771L,Aerospatiale,AS-350D,No,1.0,Turbo Shaft,Part 135: Air Taxi & Commuter,NSCH,Unknown,"Petroleum Helicopter, Inc.",0.0,0.0,0.0,2.0,VMC,Cruise,Probable Cause
2021,20020917X03895,Incident,MKC82IA128,20/07/1982,"FENTON, MO",United States,30.757778,-120.849722,3WA,WEISS,Incident,Minor,Airplane,N3606B,Beech,E18S,No,2.0,Reciprocating,Part 135: Air Taxi & Commuter,NSCH,Unknown,"Executive Aviation, Inc.",0.0,0.0,0.0,1.0,VMC,Landing,Probable Cause
2078,20020917X04159,Accident,SEA82FA129,24/07/1982,"11NM EAST OF SI, AK",United States,30.757778,-120.849722,MRI,Unknown,Fatal(4),Destroyed,Airplane,N9682Q,Cessna,A185F,No,1.0,Reciprocating,Part 135: Air Taxi & Commuter,NSCH,Unknown,Bellair,4.0,0.0,0.0,0.0,VMC,Cruise,Probable Cause
2094,20020917X03969,Accident,NYC82DA164,24/07/1982,"JAMAICA, NY",United States,30.757778,-120.849722,JFK,JOHN F.KENNEDY INT'L,Non-Fatal,Substantial,Airplane,N9426E,Cessna,172N,No,1.0,Reciprocating,Part 135: Air Taxi & Commuter,NSCH,Unknown,East Hampton Flight Service,0.0,0.0,1.0,4.0,VMC,Taxi,Probable Cause
2132,20020917X04067,Incident,NYC82IA170,28/07/1982,"FLUSHING, NY",United States,30.757778,-120.849722,LGA,LAGUARDIA,Incident,Minor,Airplane,N64323,Boeing,727-231,No,3.0,Turbo Fan,Part 121: Air Carrier,SCHD,Unknown,Trans World Airlines,0.0,0.0,0.0,129.0,IMC,Approach,Probable Cause
2146,20020917X03169,Accident,DEN82DA147,28/07/1982,"BRYCE CANYON, UT",United States,30.757778,-120.849722,MRI,Unknown,Non-Fatal,Substantial,Helicopter,N88389,Bell,UH1B,No,1.0,Turbo Shaft,Part 135: Air Taxi & Commuter,NSCH,Unknown,Beartooth,0.0,0.0,0.0,1.0,VMC,Approach,Probable Cause
2147,20020917X02655,Accident,ANC82DA063,28/07/1982,"MCKINLEY NAT'L., AK",United States,30.757778,-120.849722,MRI,Unknown,Non-Fatal,Substantial,Airplane,N3093T,Piper,PA-32-300,No,1.0,Reciprocating,Part 135: Air Taxi & Commuter,NSCH,Unknown,Denali Flying Service,0.0,0.0,4.0,1.0,VMC,Maneuvering,Probable Cause
2168,20020917X03239,Incident,DEN82IA150,30/07/1982,"NEAR WINTER PAR, CO",United States,30.757778,-120.849722,MRI,Unknown,Incident,Minor,Helicopter,N49556,Aerospatiale,350D,No,1.0,Turbo Shaft,Part 135: Air Taxi & Commuter,NSCH,Unknown,Jerry Lynn Noland,0.0,0.0,0.0,4.0,VMC,Maneuvering,Probable Cause
2176,20020917X03377,Accident,FTW82DA302,30/07/1982,"EL PASO, TX",United States,30.757778,-120.849722,MRI,Unknown,Non-Fatal,Substantial,Airplane,N102BL,Douglas,DC-3C,No,2.0,Reciprocating,Part 135: Air Taxi & Commuter,NSCH,Unknown,Pronto Aviation Services,0.0,0.0,2.0,1.0,VMC,Takeoff,Probable Cause
2236,20020917X04026,Accident,NYC82FA181,04/08/1982,"CONCORD, NH",United States,30.757778,-120.849722,MRI,Unknown,Fatal(2),Destroyed,Airplane,N81786,Piper,PA-28-161,No,1.0,Reciprocating,Part 135: Air Taxi & Commuter,NSCH,Unknown,"Coastal Air Services, Inc.",2.0,0.0,0.0,0.0,IMC,Approach,Probable Cause
2239,20020917X02849,Accident,ATL82FA229,04/08/1982,"RALEIGH, NC",United States,30.757778,-120.849722,RDU,RALEIGH DURHAM MUNICIPAL,Non-Fatal,Destroyed,Airplane,N4076W,Piper,PA-32-260,No,1.0,Reciprocating,Part 135: Air Taxi & Commuter,NSCH,Unknown,Fast Eddie's Flying Service,0.0,1.0,0.0,0.0,VMC,Takeoff,Probable Cause
2254,20020917X03240,Incident,DEN82IA154,05/08/1982,"DENVER, CO",United States,30.757778,-120.849722,DEN,STAPLETON INTERNATIONAL,Incident,Minor,Airplane,N7356F,Boeing,737-291,No,2.0,Turbo Fan,Part 121: Air Carrier,SCHD,Unknown,"Frontier Airlines, Inc.",0.0,0.0,0.0,102.0,VMC,Takeoff,Probable Cause
2288,20020917X03397,Accident,FTW82DA323,08/08/1982,"GRAND ISLE, LA",United States,30.757778,-120.849722,MRI,Unknown,Non-Fatal,Destroyed,Helicopter,N59504,Bell,206B,No,1.0,Turbo Shaft,Part 135: Air Taxi & Commuter,NSCH,Unknown,Petroleum Helicopter,0.0,1.0,0.0,0.0,VMC,Landing,Probable Cause
2451,20020917X03876,Accident,MKC82FA149,20/08/1982,"KANSAS CITY, MO",United States,30.757778,-120.849722,MKC,DOWNTOWN,Non-Fatal,Substantial,Airplane,N237AM,Swearingen,SA226TC,No,2.0,Turbo Prop,Part 135: Air Taxi & Commuter,SCHD,Unknown,Air Midwest,0.0,0.0,0.0,12.0,VMC,Approach,Probable Cause
2456,20020917X03729,Incident,LAX82IA309,21/08/1982,"HONOLULU, HI",United States,30.757778,-120.849722,HNL,HONOLULU,Incident,Minor,Airplane,N104WA,Mcdonnell Douglas,DC-10-30F,No,3.0,Turbo Fan,Part 121: Air Carrier,SCHD,Unknown,"World Airways, Inc.",0.0,0.0,0.0,393.0,VMC,Takeoff,Probable Cause
2503,20020917X03779,Accident,MIA82DA178,23/08/1982,CHARLOTTE AMALI,United States,30.757778,-120.849722,STT,HARRY STRUMAN,Non-Fatal,Substantial,Airplane,N87629,Douglas,C-47,No,2.0,Reciprocating,Part 135: Air Taxi & Commuter,NSCH,Unknown,Carib Air Cargo,0.0,0.0,0.0,4.0,VMC,Taxi,Probable Cause
2520,20020917X02668,Accident,ANC82DA080,25/08/1982,"NEAR DILLINGHAM, AK",United States,30.757778,-120.849722,5QN,THE QUEENS,Non-Fatal,Substantial,Airplane,N7989C,Piper,PA-32,No,1.0,Reciprocating,Part 135: Air Taxi & Commuter,NSCH,Unknown,Peter Reichard,0.0,0.0,0.0,7.0,VMC,Takeoff,Probable Cause
2525,20020917X04161,Accident,SEA82FA149,27/08/1982,"BOISE, ID",United States,30.757778,-120.849722,BOI,BOISE AIR TERMINAL,Non-Fatal,Destroyed,Airplane,N7306U,Cessna,T207A,No,1.0,Reciprocating,Part 135: Air Taxi & Commuter,NSCH,Unknown,Salmon Air Taxi,0.0,0.0,3.0,4.0,VMC,Takeoff,Probable Cause
2577,20020917X02667,Accident,ANC82DA078,30/08/1982,"EGEGIK, AK",United States,30.757778,-120.849722,MRI,BARTLETT'S STRIP,Non-Fatal,Destroyed,Airplane,N1084X,Piper,PA-32-300,No,1.0,Reciprocating,Part 135: Air Taxi & Commuter,NSCH,Unknown,"Peninsula Airways, Inc.",0.0,0.0,0.0,3.0,VMC,Takeoff,Probable Cause
2586,20020917X03038,Accident,CHI82DA316,30/08/1982,"CHICAGO, IL",United States,30.757778,-120.849722,MDW,MIDWAY,Non-Fatal,Substantial,Airplane,N38RM,Beech,G18S,No,2.0,Reciprocating,Part 135: Air Taxi & Commuter,NSCH,Unknown,Viking Express Inc,0.0,0.0,0.0,1.0,VMC,Takeoff,Probable Cause
2613,20020917X04732,Accident,LAX82DA330,02/09/1982,"LIHUE, HI",United States,30.757778,-120.849722,MRI,Unknown,Non-Fatal,Destroyed,Helicopter,N59358,Bell,206-L,No,1.0,Turbo Shaft,Part 135: Air Taxi & Commuter,NSCH,Unknown,Papillon Helicopters Limited,0.0,2.0,3.0,0.0,VMC,Maneuvering,Probable Cause
2614,20020917X04491,Incident,DCA82IA031,02/09/1982,"WASHINGTON, DC",United States,30.757778,-120.849722,DCA,WASHINGTON NATIONAL,Incident,Substantial,Airplane,N288WA,Boeing,727,No,3.0,Turbo Fan,Part 121: Air Carrier,SCHD,Unknown,"Western Airlines, Inc.",0.0,1.0,1.0,128.0,VMC,Descent,Probable Cause
2624,20020917X04254,Accident,ATL82DA262,02/09/1982,"DARLINGTON, SC",United States,30.757778,-120.849722,59J,MOORES,Non-Fatal,Substantial,Airplane,N28311,Grumman,AA5B,No,1.0,Reciprocating,Part 135: Air Taxi & Commuter,NSCH,Unknown,Raleigh Flying Service,0.0,0.0,0.0,2.0,VMC,Landing,Probable Cause
2625,20020917X04214,Accident,ANC82FAA14,02/09/1982,"FAIRBANKS, AK",United States,30.757778,-120.849722,MRI,METRO,Non-Fatal,Substantial,Airplane,N3299Q,Cessna,402,No,2.0,Reciprocating,Part 135: Air Taxi & Commuter,SCHD,Unknown,Greg Hawes,0.0,0.0,0.0,6.0,VMC,Takeoff,Probable Cause
2668,20020917X04184,Accident,ANC82DA083,05/09/1982,"NEAR KIPNUK, AK",United States,30.757778,-120.849722,MRI,Unknown,Non-Fatal,Substantial,Airplane,N76078,Cessna,207A,No,1.0,Reciprocating,Part 135: Air Taxi & Commuter,SCHD,Unknown,"Bethel Ventures,inc.",0.0,0.0,0.0,1.0,VMC,Cruise,Probable Cause
2696,20020917X04398,Accident,CHI82DA346,08/09/1982,"HOLLAND, MI",United States,30.757778,-120.849722,C19,TULIP CITY,Non-Fatal,Substantial,Airplane,N54847,Piper,PA-23-250,No,2.0,Reciprocating,Part 135: Air Taxi & Commuter,NSCH,Unknown,Franklin Flying Service,0.0,0.0,0.0,1.0,VMC,Taxi,Probable Cause
2713,20020917X04738,Accident,LAX82DA336,09/09/1982,"RIVERSIDE, CA",United States,30.757778,-120.849722,RAL,RIVERSIDE MUNICIPAL,Non-Fatal,Substantial,Airplane,N7349U,Cessna,T207A,No,1.0,Reciprocating,Part 135: Air Taxi & Commuter,NSCH,Unknown,Airway Express Inc.,0.0,0.0,2.0,0.0,IMC,Go-around,Probable Cause
2724,20020917X04597,Accident,FTW82DA373,10/09/1982,"TOMBALL, TX",United States,30.757778,-120.849722,DWH,DAVID WAYNE HOOKS,Non-Fatal,Substantial,Airplane,N3980A,Cessna,310R,No,2.0,Reciprocating,Part 135: Air Taxi & Commuter,NSCH,Unknown,Thomas R. Mcelhenney,0.0,0.0,0.0,5.0,VMC,Landing,Probable Cause
2750,20020917X04526,Incident,DEN82IA192,13/09/1982,"DENVER, CO",United States,30.757778,-120.849722,DEN,STAPLETON INTERNATIONAL,Incident,Minor,Airplane,N5471M,Fairchild/swearingen,SA226TC,No,2.0,Turbo Prop,Part 135: Air Taxi & Commuter,NSCH,Unknown,Air Midwest,0.0,0.0,0.0,5.0,VMC,Other,Probable Cause
2757,20020917X05123,Accident,SEA82FA163,14/09/1982,"MAHONEY CREEK, ID",United States,30.757778,-120.849722,43,MAHONEY CREEK USFS,Fatal(2),Destroyed,Airplane,N5157G,De Havilland,DHC-II,No,1.0,Reciprocating,Part 135: Air Taxi & Commuter,NSCH,Unknown,James F. Searles,2.0,0.0,0.0,0.0,VMC,Approach,Probable Cause
2763,20020917X04764,Accident,LAX82FA344,14/09/1982,"GRAND CANYON, AZ",United States,30.757778,-120.849722,GCN,GRAND CANYON NAT'L PARK,Non-Fatal,Substantial,Airplane,N59SA,Cessna,402,No,2.0,Reciprocating,Part 135: Air Taxi & Commuter,SCHD,Unknown,Scenic Airlines Inc.,0.0,1.0,6.0,3.0,VMC,Cruise,Probable Cause
2771,20020917X04509,Accident,DEN82DA196,15/09/1982,"KEMMERER, WY",United States,30.757778,-120.849722,EMM,KEMMERER MUNICIPAL,Non-Fatal,Substantial,Airplane,N8317Q,Cessna,U206F,No,1.0,Reciprocating,Part 135: Air Taxi & Commuter,NSCH,Unknown,Air Express Corporation,0.0,0.0,0.0,1.0,VMC,Takeoff,Probable Cause
2785,20020917X04211,Accident,ANC82FA091,17/09/1982,"NEAR NONDALTON, AK",United States,30.757778,-120.849722,MRI,Unknown,Fatal(4),Destroyed,Airplane,N33249,Robertson,C-U206F,No,1.0,Reciprocating,Part 135: Air Taxi & Commuter,NSCH,Unknown,Lake Clark Flying Service,4.0,1.0,0.0,0.0,VMC,Takeoff,Probable Cause
2792,20020917X04405,Accident,CHI82DA355,17/09/1982,"INDIANAPOLIS, IN",United States,30.757778,-120.849722,IND,INDIANAPOLIS INTERN.,Non-Fatal,Substantial,Airplane,N730M,Beech,G18S,No,2.0,Reciprocating,Part 135: Air Taxi & Commuter,SCHD,Unknown,"Indianapolis Air Charter, Inc.",0.0,0.0,0.0,1.0,VMC,Takeoff,Probable Cause
2807,20020917X05116,Accident,SEA82DA167,18/09/1982,"42NM ESE OF YAK, AK",United States,30.757778,-120.849722,MRI,LOWENSTEINS AIRSTRIP,Non-Fatal,Substantial,Airplane,N80632,Cessna,U206A,No,1.0,Reciprocating,Part 135: Air Taxi & Commuter,NSCH,Unknown,Gulf Air Taxi,0.0,0.0,0.0,2.0,VMC,Takeoff,Probable Cause
2831,20020917X04216,Incident,ANC82IA095,21/09/1982,"NEAR DILLINGHAM, AK",United States,30.757778,-120.849722,MRI,Unknown,Incident,Minor,Airplane,N7394U,Cessna,C-207,No,1.0,Reciprocating,Part 135: Air Taxi & Commuter,NSCH,Unknown,Yute Air Alaska Inc.,0.4177777777777778,0.37777777777777777,0.7866666666666666,5.0,VMC,Climb,Probable Cause
2832,20020917X04212,Accident,ANC82FA094,21/09/1982,"NEAR KOTZEBUE, AK",United States,30.757778,-120.849722,MRI,Unknown,Fatal(4),Substantial,Airplane,N5331X,Cessna,U206 G,No,1.0,Reciprocating,Part 135: Air Taxi & Commuter,NSCH,Unknown,"Baker Aviation, Inc.",4.0,1.0,1.0,0.0,VMC,Cruise,Probable Cause
2836,20020917X04513,Accident,DEN82DA202,21/09/1982,"LANGDON, ND",United States,30.757778,-120.849722,D55,LANGDON MUNICIPAL,Non-Fatal,Substantial,Airplane,N8107X,Piper,PA-34,No,2.0,Reciprocating,Part 135: Air Taxi & Commuter,NSCH,Unknown,Thunderbird Aviation,0.0,0.0,0.0,4.0,VMC,Takeoff,Probable Cause
2837,20020917X05128,Incident,SEA82IA170,22/09/1982,"CASHMERE, WA",United States,30.757778,-120.849722,MRI,Unknown,Incident,Substantial,Airplane,N52716,Cessna,177RG,No,1.0,Reciprocating,Part 135: Air Taxi & Commuter,NSCH,Unknown,Cascade Flight School Inc.,0.0,0.0,0.0,2.0,VMC,Descent,Probable Cause
2838,20020917X05047,Accident,NYC82FA230,22/09/1982,"NEW YORK, NY",United States,30.757778,-120.849722,MRI,PAN AM METROPORT E.,Fatal(1),Minor,Helicopter,N2772H,Bell,222,No,2.0,Turbo Shaft,Part 135: Air Taxi & Commuter,NSCH,Unknown,"Omniflight Airways, Inc.",1.0,0.0,0.0,6.0,VMC,Standing,Probable Cause
2861,20020917X04193,Accident,ANC82DA096,23/09/1982,"NENANA, AK",United States,30.757778,-120.849722,ENN,NENANA MUNICIPAL,Non-Fatal,Substantial,Airplane,N3974G,Cessna,U206,No,1.0,Reciprocating,Part 135: Air Taxi & Commuter,NSCH,Unknown,Cyril D. Hetherington,0.0,0.0,0.0,1.0,VMC,Landing,Probable Cause
2896,20020917X04413,Accident,CHI82DA367,26/09/1982,"BEDFORD PARK, IL",United States,30.757778,-120.849722,MRI,Unknown,Non-Fatal,Substantial,Airplane,N1728U,Cessna,207,No,1.0,Reciprocating,Part 135: Air Taxi & Commuter,NSCH,Unknown,Air Freight Express,0.0,0.0,0.0,1.0,VMC,Cruise,Probable Cause
2914,20020917X04755,Accident,LAX82DA363,29/09/1982,"BIG SUR, CA",United States,30.757778,-120.849722,MRI,Unknown,Non-Fatal,Substantial,Airplane,N6718X,Beech,76,No,2.0,Reciprocating,Part 135: Air Taxi & Commuter,NSCH,Unknown,Altair,0.0,0.0,0.0,4.0,VMC,Cruise,Probable Cause
2916,20020917X04633,Incident,FTW82IA401,30/09/1982,"INTRACOASTAL CI, LA",United States,30.757778,-120.849722,7R4,PHI ICY HELIPORT,Incident,Minor,Helicopter,N2091E,Bell,214ST,No,2.0,Turbo Shaft,Part 135: Air Taxi & Commuter,NSCH,Unknown,Petroleum Helicopters Inc.,0.0,0.0,0.0,20.0,VMC,Cruise,Probable Cause
2920,20020917X04217,Incident,ANC82IA103,30/09/1982,"KENAI, AK",United States,30.757778,-120.849722,ENA,KENAI AIRPORT,Incident,Minor,Airplane,N61366,Piper,PA31-350,No,2.0,Reciprocating,Part 135: Air Taxi & Commuter,SCHD,Unknown,Southcentral Air Inc.,0.0,0.0,0.0,7.0,VMC,Approach,Probable Cause
2978,20020917X04291,Accident,ATL83FA003,04/10/1982,"DYERSBURG, TN",United States,30.757778,-120.849722,DYR,Unknown,Non-Fatal,Substantial,Airplane,N1ET,Piper,PA-31-310,No,2.0,Reciprocating,Part 135: Air Taxi & Commuter,NSCH,Unknown,Midwest Air Svcs. Inc.,0.0,0.0,5.0,0.0,VMC,Descent,Probable Cause
2998,20020917X04552,Accident,DEN83LA003,07/10/1982,"ROCK SPRINGS, WY",United States,30.757778,-120.849722,MRI,OIL WELL SITE,Non-Fatal,Substantial,Airplane,N6169Z,Cessna,TU206G,No,1.0,Reciprocating,Part 135: Air Taxi & Commuter,NSCH,Unknown,"Cowboy Air Service, Inc.",0.0,0.0,0.0,5.0,VMC,Landing,Probable Cause
3005,20020917X05154,Accident,SEA83LA012,08/10/1982,"40 NM WNW SALMO, ID",United States,30.757778,-120.849722,U81,COLD MEADOWS USFS,Non-Fatal,Substantial,Airplane,N5183U,Cessna,206,No,1.0,Reciprocating,Part 135: Air Taxi & Commuter,NSCH,Unknown,Linn Air Service,0.0,0.0,0.0,3.0,VMC,Takeoff,Probable Cause
3006,20020917X04293,Accident,ATL83FA009,08/10/1982,"ALLENDALE, SC",United States,30.757778,-120.849722,88J,ALLENDALE COUNTY,Non-Fatal,Substantial,Airplane,N958MC,Beech,58,No,2.0,Reciprocating,Part 135: Air Taxi & Commuter,NSCH,Unknown,"Grand Strand Aviation, Inc.",0.0,0.0,0.0,2.0,VMC,Cruise,Probable Cause
3054,20020917X04780,Accident,LAX83FA002,15/10/1982,"PALM SPRINGS, CA",United States,30.757778,-120.849722,PSP,PALM SPRINGS,Non-Fatal,Substantial,Airplane,N63SA,Swearingen,SA-226TC,No,2.0,Turbo Prop,Part 135: Air Taxi & Commuter,SCHD,Unknown,Borrego Springs Airline,0.0,0.0,1.0,17.0,VMC,Standing,Probable Cause
3074,20020917X04455,Accident,CHI83LA021,17/10/1982,"INDIANAPOLIS, IN",United States,30.757778,-120.849722,IND,INDIANAPOLIS INT'L. APRT.,Non-Fatal,Substantial,Airplane,N173MA,Swearingen,SA227-AC,No,2.0,Turbo Prop,Part 135: Air Taxi & Commuter,SCHD,Unknown,Miostates Airlines,0.0,0.0,0.0,8.0,VMC,Taxi,Probable Cause
3076,20020917X04495,Incident,DCA83IA002,18/10/1982,"HOUSTON, TX",United States,30.757778,-120.849722,HOU,HOUSTON INTERNATIONAL,Incident,Minor,Airplane,N536TX,Douglas,DC-9-30,No,2.0,Turbo Fan,Part 121: Air Carrier,SCHD,Unknown,Texas International,0.0,0.0,0.0,65.0,VMC,Takeoff,Probable Cause
3081,20020917X04638,Accident,FTW83FA017B,18/10/1982,GULF OF MEXICO,GULF OF MEXICO,30.757778,-120.849722,MRI,Unknown,Fatal(3),Destroyed,Helicopter,N9914K,Bell,206B,Yes,1.0,Turbo Shaft,Part 135: Air Taxi & Commuter,NSCH,Unknown,"Petroleum Helicopters, Inc.",3.0,0.0,0.0,0.0,VMC,Cruise,Probable Cause
3082,20020917X04638,Accident,FTW83FA017A,18/10/1982,GULF OF MEXICO,GULF OF MEXICO,30.757778,-120.849722,MRI,Unknown,Fatal(3),Destroyed,Helicopter,N55AL,Bell,206B,Yes,1.0,Turbo Shaft,Part 135: Air Taxi & Commuter,NSCH,Unknown,Air Logistics,3.0,0.0,0.0,0.0,VMC,Cruise,Probable Cause
3094,20020917X04906,Accident,MIA83FA017,20/10/1982,MISSING ACFT,MISSING,30.757778,-120.849722,MRI,Unknown,Fatal(8),Destroyed,Airplane,N777AA,Piper,PA-31,No,2.0,Reciprocating,Part 135: Air Taxi & Commuter,NSCH,Unknown,"Carib Air Service, Inc.",8.0,0.0,0.0,0.0,UNK,Unknown,Probable Cause
3141,20020917X04335,Incident,ATL83IA018,28/10/1982,"CLARKSVILLE, TN",United States,30.757778,-120.849722,CKV,OUTLAW FIELD,Incident,Minor,Airplane,N4099A,Beech,B99,No,2.0,Turbo Prop,Part 135: Air Taxi & Commuter,SCHD,Unknown,Air Kentucky Airline,0.0,0.0,0.0,2.0,VMC,Landing,Probable Cause
3145,20020917X04459,Accident,CHI83LA028,28/10/1982,"COLUMBUS, OH",United States,30.757778,-120.849722,CMH,PORT COLUMBUS,Non-Fatal,Substantial,Airplane,N7850Y,Piper,PA-30,No,2.0,Reciprocating,Part 135: Air Taxi & Commuter,NSCH,Unknown,Raf Aviation,0.0,0.0,0.0,2.0,VMC,Taxi,Probable Cause
3150,20020917X04231,Accident,ANC83LA009,29/10/1982,"STONY RIVER, AK",United States,30.757778,-120.849722,MRI,Unknown,Non-Fatal,Substantial,Airplane,N9982X,Cessna,185,No,1.0,Reciprocating,Part 135: Air Taxi & Commuter,NSCH,Unknown,Jack R. Smith,0.0,0.0,0.0,2.0,VMC,Landing,Probable Cause
3170,20020917X04225,Incident,ANC83IA010,01/11/1982,"BARROW, AK",United States,30.757778,-120.849722,MRI,Unknown,Incident,Minor,Airplane,N50DA,Short Bros.,SC7 SERIES 3,No,2.0,Turbo Prop,Part 135: Air Taxi & Commuter,NSCH,Unknown,Cape Smythe Air Service Inc.,0.0,0.0,1.0,2.0,VMC,Approach,Probable Cause
3174,20020917X05056,Accident,NYC83FA016,01/11/1982,"MEADVILLE, PA",United States,30.757778,-120.849722,MRI,PORT MEADVILLE,Non-Fatal,Substantial,Airplane,N402DL,Cessna,402B,No,2.0,Reciprocating,Part 135: Air Taxi & Commuter,NSCH,Unknown,"Darne, Inc.",0.0,0.0,0.0,3.0,VMC,Landing,Probable Cause
3177,20020917X04699,Accident,FTW83LA033,02/11/1982,"AUSTIN, TX",United States,30.757778,-120.849722,MRI,Unknown,Non-Fatal,Substantial,Airplane,N55SW,Boeing,737-200,No,2.0,Turbo Fan,Part 121: Air Carrier,SCHD,Unknown,S.w. Airlines Inc.,0.0,1.0,0.0,67.0,VMC,Climb,Probable Cause
3192,20020917X04219,Accident,ANC83FA012,04/11/1982,"NELSON LAGOON, AK",United States,30.757778,-120.849722,Z73,NELSON LAGOON,Non-Fatal,Substantial,Airplane,N4752C,Fairchild,C-82,No,2.0,Reciprocating,Part 121: Air Carrier,NSCH,Unknown,"Northern Air Cargo, Inc.",0.0,2.0,0.0,0.0,VMC,Approach,Probable Cause
3199,20020917X04855,Accident,LAX83LA026,05/11/1982,"SAN FRANCISCO, CA",United States,30.757778,-120.849722,SFO,SAN FRANCISCO INTERN.,Non-Fatal,Substantial,Airplane,N65SA,Swearingen,SA-226TC,No,2.0,Turbo Prop,Part 135: Air Taxi & Commuter,SCHD,Unknown,Nevada National Leasing Co.,0.0,0.0,2.0,2.0,VMC,Takeoff,Probable Cause
3226,20020917X04972,Accident,MKC83FA017,08/11/1982,"NORFOLK, NE",United States,30.757778,-120.849722,OFK,KARL STEFAN MEM'L.,Fatal(1),Destroyed,Airplane,N715GA,Grumman American,GA-7,No,2.0,Reciprocating,Part 135: Air Taxi & Commuter,NSCH,Unknown,"Mid-plains Flight, Corp.",1.0,0.0,1.0,0.0,IMC,Approach,Probable Cause
3237,20020917X04786,Accident,LAX83FA033,10/11/1982,"COALING, CA",United States,30.757778,-120.849722,MRI,Unknown,Non-Fatal,Destroyed,Airplane,N3035M,Piper,PA-28R-201T,No,1.0,Reciprocating,Part 135: Air Taxi & Commuter,NSCH,Unknown,"Flight East, Inc.",0.0,0.0,0.0,1.0,VMC,Cruise,Probable Cause
3247,20020917X04908,Accident,MIA83FA027,11/11/1982,"MIAMI, FL",United States,30.757778,-120.849722,MRI,Unknown,Fatal(1),Substantial,Airplane,N707GB,Boeing,707-300,No,4.0,Turbo Fan,Part 121: Air Carrier,NSCH,Unknown,Arrow Airways,1.0,0.0,0.0,3.0,VMC,Climb,Probable Cause
3252,20020917X04238,Accident,ANC83LA018,11/11/1982,"NEAR SEWARD, AK",United States,30.757778,-120.849722,MRI,Unknown,Non-Fatal,Substantial,Airplane,N4082W,Piper,PA-32-300,No,1.0,Reciprocating,Part 135: Air Taxi & Commuter,NSCH,Unknown,Harbor Air Service,0.0,0.0,0.0,4.0,VMC,Landing,Probable Cause
3254,20020917X04287,Accident,ATL83AA029,12/11/1982,"BREVARD, NC",United States,30.757778,-120.849722,MRI,Unknown,Fatal(1),Destroyed,Airplane,N59771,Piper,PA-31-350,No,2.0,Reciprocating,Part 135: Air Taxi & Commuter,NSCH,Unknown,Hill-williford Aviation,1.0,0.0,0.0,0.0,VMC,Descent,Probable Cause
3262,20020917X05094,Accident,NYC83LA028,13/11/1982,"WEST MIFFLIN, PA",United States,30.757778,-120.849722,AGC,ALLEGHENY COUNTY,Non-Fatal,Substantial,Helicopter,N72590,Aerospatiale,SA316B,No,1.0,Turbo Shaft,Part 135: Air Taxi & Commuter,NSCH,Unknown,"Life Flight, Allegheny General",0.0,0.0,0.0,3.0,VMC,Maneuvering,Probable Cause
3276,20020917X04338,Incident,ATL83IA034,16/11/1982,"HUNTSVILLE, AL",United States,30.757778,-120.849722,MRI,Unknown,Incident,Minor,Airplane,N5BA,Beech,G18S,No,2.0,Reciprocating,Part 135: Air Taxi & Commuter,NSCH,Unknown,Bo-s-aire,0.0,0.0,0.0,2.0,VMC,Descent,Probable Cause
3296,20020917X04534,Accident,DEN83FA021,18/11/1982,"DENVER, CO",United States,30.757778,-120.849722,MRI,STAPELTON INT'L.,Non-Fatal,Substantial,Airplane,N68056,Mcdonald Douglas,DC-10,No,3.0,Turbo Fan,Part 121: Air Carrier,SCHD,Unknown,"Continental Air Lines, Inc.",0.0,0.0,0.0,136.0,VMC,Standing,Probable Cause
3306,20020917X04705,Accident,FTW83LA040,19/11/1982,"PORT O'CONNOR, TX",United States,30.757778,-120.849722,MRI,Unknown,Non-Fatal,Substantial,Helicopter,N16659,Bell,206B,No,1.0,Turbo Shaft,Part 135: Air Taxi & Commuter,NSCH,Unknown,Houston Helicopters Inc.,0.0,0.0,0.0,3.0,IMC,Approach,Probable Cause
3315,20020917X04302,Accident,ATL83FA039,20/11/1982,"ATLANTA, GA",United States,30.757778,-120.849722,ATL,HARTSFIELD INTL,Non-Fatal,Destroyed,Airplane,N5058E,Aero Commander,680W,No,2.0,Turbo Prop,Part 135: Air Taxi & Commuter,NSCH,Unknown,Astro Wings Airlines,0.0,2.0,0.0,0.0,IMC,Cruise,Probable Cause
3322,20020917X04566,Accident,DEN83LA022,20/11/1982,"NEAR KALISPELL, MT",United States,30.757778,-120.849722,MRI,Unknown,Non-Fatal,Substantial,Helicopter,N5011G,Bell,206B,No,1.0,Turbo Shaft,Part 135: Air Taxi & Commuter,NSCH,Unknown,Mountain West Helicopters,0.0,0.0,0.0,4.0,VMC,Maneuvering,Probable Cause
3335,20020917X04669,Incident,FTW83IA044,22/11/1982,"LITTLE ROCK, AR",United States,30.757778,-120.849722,LIT,ADAMS,Incident,Minor,Airplane,N846AA,Boeing,727-223,No,3.0,Turbo Fan,Part 121: Air Carrier,SCHD,Unknown,American Airlines,0.0,0.0,0.0,23.0,IMC,Landing,Probable Cause
3337,20020917X04363,Accident,ATL83LA042,22/11/1982,"RICHMOND, VA",United States,30.757778,-120.849722,RIC,Unknown,Non-Fatal,Substantial,Airplane,N3528U,Piper,PA-31-350,No,2.0,Reciprocating,Part 135: Air Taxi & Commuter,SCHD,Unknown,"Mid South Airlines, Inc.",0.0,0.0,0.0,2.0,VMC,Climb,Probable Cause
3344,20020917X04307,Accident,ATL83FA046,23/11/1982,"CULLMAN, AL",United States,30.757778,-120.849722,3A1,FOLSOM,Fatal(2),Destroyed,Airplane,N18411,Beech,95-B55,No,2.0,Reciprocating,Part 135: Air Taxi & Commuter,NSCH,Unknown,Central American Inter'l Inc.,2.0,0.0,0.0,0.0,IMC,Takeoff,Probable Cause
3368,20020917X05165,Accident,SEA83LA025,26/11/1982,"GUSTAVUS, AK",United States,30.757778,-120.849722,GST,GUSTAVUS,Non-Fatal,Substantial,Airplane,N6104J,Piper,PA-32R-300,No,1.0,Reciprocating,Part 135: Air Taxi & Commuter,SCHD,Unknown,Layton A . Bennett,0.0,0.0,0.0,1.0,VMC,Takeoff,Probable Cause
3374,20020917X04910,Accident,MIA83FA036,27/11/1982,"MIAMI, FL",United States,30.757778,-120.849722,MIA,MIAMI INTERNATIONAL,Non-Fatal,Substantial,Airplane,HK284,Boeing,707-323C,No,4.0,Turbo Fan,Part 129: Foreign,SCHD,Unknown,Aerotal Ltda.,0.0,0.0,0.0,116.0,VMC,Takeoff,Probable Cause
3391,20020917X05097,Accident,NYC83LA036,30/11/1982,"NEW HAVEN, CT",United States,30.757778,-120.849722,HVN,NEW HAVEN,Non-Fatal,Substantial,Airplane,N141PM,Fokker,F-27-100,No,2.0,Turbo Prop,Part 135: Air Taxi & Commuter,SCHD,Unknown,Pilgrim Airlines,0.0,0.0,0.0,20.0,VMC,Taxi,Probable Cause
3392,20020917X05142,Incident,SEA83IA027,01/12/1982,"BOISE, ID",United States,30.757778,-120.849722,BOI,GOWEN FIELD,Incident,Substantial,Airplane,N785NC,Mcdonnell Douglas,DC-9-51,No,2.0,Turbo Fan,Part 121: Air Carrier,SCHD,Unknown,"Republic Airlines, Inc.",0.0,0.0,0.0,22.0,VMC,Descent,Probable Cause
3393,20020917X05062,Accident,NYC83FA037,01/12/1982,"DOUGLASSVILLE, PA",United States,30.757778,-120.849722,N47,POTTSTOWN MUNICIPAL,Fatal(3),Destroyed,Airplane,N32750,Piper,PA-32-260,No,1.0,Reciprocating,Part 135: Air Taxi & Commuter,NSCH,Unknown,"Basco Flying Service, Inc.",3.0,2.0,0.0,0.0,IMC,Go-around,Probable Cause
3396,20020917X04572,Accident,DEN83LA029,01/12/1982,"MILES CITY, MT",United States,30.757778,-120.849722,17LS,MILES CITY MUNICIPAL,Non-Fatal,Substantial,Airplane,N30RA,Cessna,310R,No,2.0,Reciprocating,Part 135: Air Taxi & Commuter,SCHD,Unknown,Philip O. Petrik,0.0,0.0,0.0,5.0,IMC,Landing,Probable Cause
3405,20020917X04712,Accident,FTW83LA050,02/12/1982,"VENICE, LA",United States,30.757778,-120.849722,53LA,SHELL SPB,Non-Fatal,Substantial,Airplane,N1829R,Cessna,185,No,1.0,Reciprocating,Part 135: Air Taxi & Commuter,NSCH,Unknown,Southern Seaplanes,0.0,0.0,0.0,1.0,VMC,Takeoff,Probable Cause
3423,20020917X04915,Incident,MIA83IA043,06/12/1982,"SARASOTA, FL",United States,30.757778,-120.849722,SRQ,SARASOTA-BRADENTON,Incident,Minor,Airplane,N8871Z,Boeing,727-225,No,3.0,Turbo Fan,Part 121: Air Carrier,SCHD,Unknown,"Eastern Airlines, Inc.",0.0,0.0,0.0,21.0,VMC,Takeoff,Probable Cause
3434,20020917X04528,Accident,DEN83AA032,07/12/1982,"PUEBLO, CO",United States,30.757778,-120.849722,MRI,Unknown,Fatal(2),Destroyed,Airplane,N30093,Swearingen,SA-227AC,No,2.0,Turbo Prop,Part 135: Air Taxi & Commuter,SCHD,Unknown,Pioneer Airlines,2.0,0.0,0.0,0.0,IMC,Descent,Probable Cause
3435,20020917X04341,Incident,ATL83IA054,07/12/1982,"CHAMBLEE, GA",United States,30.757778,-120.849722,PDK,DEKALB-PEACHTREE,Incident,Minor,Airplane,N153TG,Gulfstream American,G-159,No,2.0,Turbo Prop,Part 121: Air Carrier,NSCH,Unknown,Orion Airlines,0.0,0.0,0.0,3.0,VMC,Takeoff,Probable Cause
3437,20020917X04494,Accident,DCA83AA009,07/12/1982,"CHANTILLY, VA",United States,30.757778,-120.849722,IAD,DULLES INTL,Non-Fatal,Substantial,Airplane,N126AV,Swearingen,SA-226TC,No,2.0,Turbo Prop,Part 135: Air Taxi & Commuter,SCHD,Unknown,"Flt America, Inc",0.0,0.0,0.0,6.0,VMC,Landing,Probable Cause
3444,20020917X05129,Accident,SEA83AA028,09/12/1982,"NEAR KLAWOCK, AK",United States,30.757778,-120.849722,MRI,Unknown,Fatal(8),Destroyed,Airplane,N68081,De Havilland,DHC-2,No,1.0,Reciprocating,Part 135: Air Taxi & Commuter,SCHD,Unknown,"Tyee Airlines, Inc.",8.0,0.0,0.0,0.0,VMC,Maneuvering,Probable Cause
3447,20020917X04570,Accident,DEN83LA026,09/12/1982,"DENVER, CO",United States,30.757778,-120.849722,MRI,STAPELTON INTERNATIONAL,Non-Fatal,Substantial,Airplane,N7346F,Boeing,737-291,No,2.0,Turbo Fan,Part 121: Air Carrier,SCHD,Unknown,"Frontier Airlines, Inc.",0.0,0.0,0.0,57.0,VMC,Taxi,Probable Cause
3479,20020917X04988,Incident,MKC83IA035,13/12/1982,"WICHITA, KS",United States,30.757778,-120.849722,MRI,Unknown,Incident,Minor,Airplane,N85BH,Beech,100,No,2.0,Turbo Prop,Part 135: Air Taxi & Commuter,NSCH,Unknown,"Ozark Skyways, Inc.",0.0,0.0,0.0,10.0,VMC,Cruise,Probable Cause
3489,20020917X04434,Accident,CHI83FA059,15/12/1982,"DEFIANCE, OH",United States,30.757778,-120.849722,DFI,DEFIANCE MEMORIAL,Fatal(2),Destroyed,Airplane,N297EB,Cessna,T210,No,1.0,Reciprocating,Part 135: Air Taxi & Commuter,NSCH,Unknown,"Custom Air Transport,inc.",2.0,0.0,0.0,0.0,IMC,Approach,Probable Cause
3499,20020917X04979,Accident,MKC83FA038,16/12/1982,"DEWITT, NE",United States,30.757778,-120.849722,MRI,Unknown,Non-Fatal,Substantial,Airplane,N6855F,Piper,PA-32R-300,No,1.0,Reciprocating,Part 135: Air Taxi & Commuter,NSCH,Unknown,"Heartland Enterprises, Inc.",0.0,0.0,0.0,5.0,IMC,Cruise,Probable Cause
3510,20020917X04437,Incident,CHI83IA063,18/12/1982,"PELLSTON, MI",United States,30.757778,-120.849722,PLN,EMMET COUNTY AIRPORT,Incident,Substantial,Airplane,N9344,Douglas,DC9-30,No,2.0,Turbo Fan,Part 121: Air Carrier,SCHD,Unknown,"Republic Airlines, Inc.",0.0,0.0,0.0,51.0,IMC,Landing,Probable Cause
3516,20020917X04243,Accident,ANC83LA024,18/12/1982,"NEAR PORT ALSWO, AK",United States,30.757778,-120.849722,MRI,Unknown,Non-Fatal,Substantial,Airplane,N94DC,De Havilland,DHC-2,No,1.0,Reciprocating,Part 135: Air Taxi & Commuter,NSCH,Unknown,Alvin D. Carrell,0.0,0.0,0.0,5.0,VMC,Landing,Probable Cause
3525,20020917X05102,Accident,NYC83LA046,20/12/1982,"GASPORT, NY",United States,30.757778,-120.849722,95G,GASPORT,Non-Fatal,Substantial,Airplane,N12WB,Beech,56TC,No,2.0,Reciprocating,Part 135: Air Taxi & Commuter,NSCH,Unknown,"Van Air,inc.",0.0,0.0,0.0,1.0,IMC,Takeoff,Probable Cause
3526,20020917X04577,Accident,DEN83LA036,20/12/1982,"GILLETTE, WY",United States,30.757778,-120.849722,GCC,GILLETTE CAMPBELLL COUNTY,Non-Fatal,Substantial,Airplane,N2671V,Swearingen,SA-227AC,No,2.0,Turbo Prop,Part 135: Air Taxi & Commuter,SCHD,Unknown,Pioneer Airlines,0.0,0.0,0.0,5.0,VMC,Takeoff,Probable Cause
3527,20020917X04378,Accident,ATL83LA069,20/12/1982,"COLUMBIA, SC",United States,30.757778,-120.849722,CAE,COLUMBIA,Non-Fatal,Substantial,Airplane,N41336,Piper,PA-34-200,No,2.0,Reciprocating,Part 135: Air Taxi & Commuter,NSCH,Unknown,"Bankair, Inc.",0.0,0.0,0.0,1.0,VMC,Landing,Probable Cause
3534,20020917X05143,Incident,SEA83IA034,22/12/1982,"KLAMATH FALLS, OR",United States,30.757778,-120.849722,MRI,KINGSLEY FIELD,Incident,Minor,Airplane,N5475M,Swearingen,SA-226TC,No,2.0,Turbo Prop,Part 135: Air Taxi & Commuter,SCHD,Unknown,Gatx Third Aircraft Corp.,0.0,0.0,0.0,11.0,IMC,Takeoff,Probable Cause
3557,20020917X04672,Incident,FTW83IA086,26/12/1982,"MEMPHIS, TN",United States,30.757778,-120.849722,MEM,MEMPHIS INTL,Incident,Minor,Airplane,N6810,Boeing,727-223,No,3.0,Turbo Fan,Part 121: Air Carrier,SCHD,Unknown,American Airlines,0.0,0.0,0.0,58.0,IMC,Go-around,Probable Cause
3566,20020917X04537,Accident,DEN83FA040,27/12/1982,"ASPEN, CO",United States,30.757778,-120.849722,ASE,ASPEN-PITKIN COUNTY,Fatal(1),Destroyed,Airplane,N5301J,Cessna,404,No,2.0,Reciprocating,Part 135: Air Taxi & Commuter,NSCH,Unknown,Gregory Murnane Murnane Aviati,1.0,3.0,3.0,0.0,VMC,Takeoff,Probable Cause
3571,20020917X04343,Incident,ATL83IA085,28/12/1982,"WASHINGTON, DC",United States,30.757778,-120.849722,MRI,WASHINGTON NATIONAL,Incident,Substantial,Airplane,N752N,Boeing,737-222,No,2.0,Turbo Jet,Part 121: Air Carrier,SCHD,Unknown,Piedmont Airport,0.0,0.0,0.0,73.0,VMC,Approach,Probable Cause
3577,20020917X04913,Accident,MIA83FA054,30/12/1982,"FT. LAUDERDALE, FL",United States,30.757778,-120.849722,FXE,FT. LAUDERDALE EXECUTIVE,Fatal(1),Destroyed,Airplane,N4055C,Cessna,310R,No,2.0,Reciprocating,Part 135: Air Taxi & Commuter,NSCH,Unknown,"Skytel Aviaton, Inc.",1.0,0.0,0.0,0.0,VMC,Takeoff,Probable Cause
3578,20020917X04671,Incident,FTW83IA072,30/12/1982,"THERMAL, CA",United States,30.757778,-120.849722,TRM,Unknown,Incident,Substantial,Airplane,N137AA,Mcdonnell-douglas,DC-10-30,No,3.0,Turbo Fan,Part 121: Air Carrier,NSCH,Unknown,"American Airlines, Inc.",0.0,0.0,14.0,203.0,VMC,Climb,Probable Cause
3597,20020917X04728,Accident,FTW83LA074,31/12/1982,"HOUSTON, TX",United States,30.757778,-120.849722,T17,WEISER,Non-Fatal,Substantial,Airplane,N6610Y,Cessna,210N,No,1.0,Reciprocating,Part 135: Air Taxi & Commuter,NSCH,Unknown,Air Exchange,0.0,0.0,0.0,1.0,VMC,Cruise,Probable Cause
3598,20020917X04581,Accident,DEN83LA043,31/12/1982,"11MI. SO.OFTELL, CO",United States,30.757778,-120.849722,MRI,Unknown,Non-Fatal,Substantial,Helicopter,N2750D,Bell,206B,No,1.0,Turbo Shaft,Part 135: Air Taxi & Commuter,NSCH,Unknown,North American Helicopter Svc.,0.0,0.0,1.0,4.0,VMC,Landing,Probable Cause
3599,20020917X04248,Accident,ANC83LA038,31/12/1982,"NUNAPITCHUK, AK",United States,30.757778,-120.849722,98Z,NUNAPITCHUK,Non-Fatal,Substantial,Airplane,N4246T,Piper,PA-32,No,1.0,Reciprocating,Part 135: Air Taxi & Commuter,NSCH,Unknown,Delaire Charter Service,0.0,0.0,0.0,7.0,VMC,Takeoff,Probable Cause
7312,20001214X38563,Accident,DEN84LA075,26/01/1984,"BUFFALO, WY",United States,30.757778,-120.849722,MRI,Unknown,Non-Fatal,Substantial,Helicopter,N4507C,Hughes,369HS,No,1.0,Turbo Shaft,Part 135: Air Taxi & Commuter,NSCH,Unknown,Soloy Heliops,0.4177777777777778,0.37777777777777777,0.7866666666666666,2.0,VMC,Takeoff,Probable Cause
7708,20001214X38957,Accident,ATL84LA120,14/03/1984,"MYRTLE BEACH, SC",United States,30.757778,-120.849722,CRE,GRAND STRAND,Non-Fatal,Substantial,Airplane,N7994R,Beech,99,No,2.0,Turbo Prop,Part 135: Air Taxi & Commuter,NSCH,Unknown,"Mountain Air Cargo, Inc.",0.4177777777777778,0.37777777777777777,0.7866666666666666,1.0,VMC,Landing,Probable Cause
10140,20001214X41363,Incident,FTW85IA028,26/10/1984,"TULSA, OK",United States,30.757778,-120.849722,TUL,TULSA INTL',Incident,Minor,Airplane,N511SS,Swearingen,SA226TC,No,2.0,Turbo Prop,Part 135: Air Taxi & Commuter,SCHD,Unknown,Scheduled Skyways,0.4177777777777778,0.37777777777777777,0.7866666666666666,9.0,IMC,Cruise,Probable Cause
